[
  {
    "source": "... pokud chci mit data v bezpeci, tak jedine je mit sifrovana a na Linuxu.",
    "claims": [
      {
        "id": 0,
        "claim": "Chcete-li mít data v bezpečí, musí být zašifrovaná.",
        "checkworthy": true,
        "checkworthy_reason": "Tento výrok obsahuje faktickou informaci o tom, že šifrování je nástrojem pro zabezpečení dat, což lze ověřit na základě technologických principů a praxe.",
        "origin_text": "... pokud chci mit data v bezpeci, tak jedine je mit sifrovana",
        "start": 0,
        "end": 62
      }
    ]
  },
  {
    "source": "A kde je zmínka o antivirotikách typu Isoprinosin a Ivermectin?",
    "claims": [
      {
        "id": 0,
        "claim": "Zmiňuje se antivirová látka Isoprinosin.",
        "checkworthy": true,
        "checkworthy_reason": "Izoprinosin je léčivý přípravek a jeho existenci jako chemické entity můžeme ověřit.",
        "origin_text": "A kde je zmínka o antivirotikách typu Isoprinosin",
        "start": 0,
        "end": 49
      }
    ]
  },
  {
    "source": "A myslíte, že v Linuxu není jen na okrasu? Jakmile máte fyzický přístup k počítači, tak jde nastavit rootovské heslo také. Proto se servery zamykají.",
    "claims": [
      {
        "id": 1,
        "claim": "S fyzickým přístupem k počítači je možné nastavit rootovské heslo.",
        "checkworthy": true,
        "checkworthy_reason": "Výrok obsahuje faktickou informaci týkající se možnosti správy systémů, která lze ověřit prostřednictvím technických zdrojů nebo dokumentace.",
        "origin_text": "Jakmile máte fyzický přístup k počítači, tak jde nastavit rootovské heslo také.",
        "start": 43,
        "end": 122
      }
    ]
  },
  {
    "source": "A peníze na ty dotace si tisknou? Dotace na elektromobilitu fungují jen dokud je elektromobilita minoritní záležitostí.",
    "claims": []
  },
  {
    "source": "A zapomněli jste na variantu, že je disk šifrovaný Bitlockerem a vy nevíte heslo. To už takhle jednoduše nejde. Proto je ve většině firemních politik vyžadováno šifrování disku.",
    "claims": [
      {
        "id": 0,
        "claim": "Disk může být šifrovaný Bitlockerem.",
        "checkworthy": true,
        "checkworthy_reason": "Výrok obsahuje ověřitelné faktické informace o technologii, která umožňuje šifrování disků.",
        "origin_text": "A zapomněli jste na variantu, že je disk šifrovaný Bitlockerem",
        "start": 0,
        "end": 62
      },
      {
        "id": 2,
        "claim": "Šifrované disky nemohou být jednoduše otevřeny bez hesla.",
        "checkworthy": true,
        "checkworthy_reason": "Výrok obsahuje obecnou technickou pravdu, která může být ověřena znalostmi o fungování šifrovacích technologií.",
        "origin_text": "To už takhle jednoduše nejde.",
        "start": 82,
        "end": 111
      },
      {
        "id": 3,
        "claim": "Firemní politiky často vyžadují šifrování disku.",
        "checkworthy": true,
        "checkworthy_reason": "Výrok tvrdí faktickou praxi, která může být ověřena prostřednictvím studia firemních bezpečnostních politik nebo standardů.",
        "origin_text": "Proto je ve většině firemních politik vyžadováno šifrování disku.",
        "start": 112,
        "end": 177
      }
    ]
  },
  {
    "source": "Ale kecy, EURO 6 platí od 1.1.2015, to znamená, že 5 let staré auto musí splňovat EURO 6",
    "claims": [
      {
        "id": 0,
        "claim": "EURO 6 platí od 1. ledna 2015.",
        "checkworthy": true,
        "checkworthy_reason": "Výrok obsahuje faktickou informaci o datu, kdy byla norma EURO 6 zavedena, což je ověřitelné.",
        "origin_text": "Ale kecy, EURO 6 platí od 1.1.2015,",
        "start": 0,
        "end": 35
      }
    ]
  },
  {
    "source": "Ani prihlasovani pomoci uctu Microsoftu neni extra bezpecny, stale plati, ze si taky mohu povolit ucet Administrator a pres nej se k souborum uzivatelu dostat, proto pokud chci mit data v bezpeci, tak jedine je mit sifrovana.",
    "claims": [
      {
        "id": 0,
        "claim": "Pokud si povolím uživatelský účet Administrator, mohu se dostat k souborům uživatele.",
        "checkworthy": true,
        "checkworthy_reason": "Tento výrok obsahuje potenciální faktické tvrzení o oprávněních uživatelských účtů, které lze ověřit na základě znalosti systémových práv.",
        "origin_text": "Ani prihlasovani pomoci uctu Microsoftu neni extra bezpecny, stale plati, ze si taky mohu povolit ucet Administrator a pres nej se k souborum uzivatelu dostat,",
        "start": 0,
        "end": 159
      }
    ]
  },
  {
    "source": "Ano, to samozřejmě lze. Ale pokud by na silnicích zůstala převážně osobní doprava, tak údržba bude stát 5-10% toho, co dnes.",
    "claims": []
  },
  {
    "source": "BTW: většina obětí Španělské chřipky zahynula právě na extrémně silnou reakci imunitního systému. Kdyby tehdy lidstvo znalo kortikoidy a byly dostupné, tak by oběti Španělské chřipky byly výrazně nižší.",
    "claims": [
      {
        "id": 0,
        "claim": "Většina obětí Španělské chřipky zahynula na extrémně silnou reakci imunitního systému.",
        "checkworthy": true,
        "checkworthy_reason": "Tento výrok obsahuje faktické informace o příčině smrti obětí Španělské chřipky, což je ověřitelné prostřednictvím historických lékařských záznamů a výzkumu.",
        "origin_text": "BTW: většina obětí Španělské chřipky zahynula právě na extrémně silnou reakci imunitního systému.",
        "start": 0,
        "end": 97
      },
      {
        "id": 1,
        "claim": "Kortikoidy by mohly snížit počet obětí Španělské chřipky, kdyby byly tehdy známy a dostupné.",
        "checkworthy": true,
        "checkworthy_reason": "Tento výrok tvrdí hypotetickou situaci založenou na faktických informacích o léčebných metodách a jejich historické dostupnosti, což může být diskutováno prostřednictvím medicínského výzkumu a historických záznamů.",
        "origin_text": "Kdyby tehdy lidstvo znalo kortikoidy a byly dostupné, tak by oběti Španělské chřipky byly výrazně nižší.",
        "start": 98,
        "end": 202
      }
    ]
  },
  {
    "source": "Brzdy a pneumatiky vypustí více pevných částic.",
    "claims": [
      {
        "id": 0,
        "claim": "Brzdy vypouštějí více pevných částic.",
        "checkworthy": true,
        "checkworthy_reason": "Výrok obsahuje tvrzení o emisích, které lze ověřit prostřednictvím studií nebo dat na základě návrhů vozidel a jejich systémů, jako je střikování pevných částic.",
        "origin_text": "Brzdy",
        "start": 0,
        "end": 5
      },
      {
        "id": 1,
        "claim": "Pneumatiky vypouštějí více pevných částic.",
        "checkworthy": true,
        "checkworthy_reason": "Podobně, tento výrok obsahuje tvrzení o emisích z pneumatik, které lze ověřit pomocí výzkumných dat a testů na povrchových částicích generovaných pneumatickou odezvou.",
        "origin_text": "a pneumatiky vypustí více pevných částic.",
        "start": 6,
        "end": 47
      }
    ]
  },
  {
    "source": "Btw ta provozní teplota je kvůli poškození motoru. Oni ho tam vytáčí na maximální otáčky, udělejte to v zimě se studeným a možná tam zůstane nadobro...",
    "claims": [
      {
        "id": 2,
        "claim": "V zimě se studeným provozem může docházet k nadobro poškození.",
        "checkworthy": true,
        "checkworthy_reason": "I když je to široké tvrzení, obsahuje faktickou hypotézu o potenciálním motorovém poškození v konkrétních podmínkách, která může být ověřena technickými zdroji nebo expertními názory.",
        "origin_text": "udělejte to v zimě se studeným a možná tam zůstane nadobro...",
        "start": 90,
        "end": 151
      }
    ]
  },
  {
    "source": "Cena je teda dost sebevedoma, na druhou stranu mensi Peugeot 3008 hybrid stoji 1,2 mega...",
    "claims": [
      {
        "id": 1,
        "claim": "Menší Peugeot 3008 Hybrid stojí 1,2 milionu korun.",
        "checkworthy": true,
        "checkworthy_reason": "Výrok obsahuje konkrétní faktickou informaci o ceně automobilu, která lze ověřit záznamy o cenách nebo od prodejců.",
        "origin_text": "na druhou stranu mensi Peugeot 3008 hybrid stoji 1,2 mega...",
        "start": 30,
        "end": 90
      }
    ]
  },
  {
    "source": "Corona způsobila jeden zajímavý jev. Lidé se začali více vyhýbat MHD a dost lidí si koupilo do rodiny další vůz pro dojíždění do práce právě místo využití MHD ... a většinou to byla starší, levná vozidla odpovídající starším normám ... tedy produkující více emisí. Taky už EU dumá nad tím, jak omezit prodej ojetin.",
    "claims": [
      {
        "id": 1,
        "claim": "Lidé se začali více vyhýbat MHD během pandemie Corona.",
        "checkworthy": true,
        "checkworthy_reason": "Tvrzení lze teoreticky prověřit pomocí dat o využívání veřejné dopravy počátkem pandemie.",
        "origin_text": "Lidé se začali více vyhýbat MHD",
        "start": 37,
        "end": 68
      },
      {
        "id": 2,
        "claim": "Mnoho lidí si koupilo další vozidlo pro dojíždění do práce místo využití MHD.",
        "checkworthy": true,
        "checkworthy_reason": "Toto tvrzení lze ověřit pomocí statistik o prodeji aut počátkem pandemie.",
        "origin_text": "a dost lidí si koupilo do rodiny další vůz pro dojíždění do práce právě místo využití MHD",
        "start": 69,
        "end": 158
      },
      {
        "id": 3,
        "claim": "Většina kupovaných vozidel byla starší, levná vozidla.",
        "checkworthy": true,
        "checkworthy_reason": "To je faktické tvrzení, které lze ověřit analýzou tržních dat o prodeji aut počátkem pandemie.",
        "origin_text": "... a většinou to byla starší, levná vozidla",
        "start": 159,
        "end": 203
      },
      {
        "id": 4,
        "claim": "Starší vozidla odpovídají starším normám a produkují více emisí.",
        "checkworthy": true,
        "checkworthy_reason": "Tvrzení se týká standardů a technologií, které lze prověřit odkazem na environmentální regulace a data.",
        "origin_text": "odpovídající starším normám ... tedy produkující více emisí.",
        "start": 204,
        "end": 264
      },
      {
        "id": 5,
        "claim": "EU zvažuje omezení prodeje ojetin.",
        "checkworthy": true,
        "checkworthy_reason": "Toto tvrzení je faktické a lze ověřit prostřednictvím politických diskusí nebo dokumentů EU.",
        "origin_text": "Taky už EU dumá nad tím, jak omezit prodej ojetin.",
        "start": 265,
        "end": 315
      }
    ]
  },
  {
    "source": "Evropa se zbláznila, postihovat auta, která vypouští nula nula nic zplodin je nesmysl. Pokud EU nemá jž dopředu vybrané levné, smysluplné a ekologické palivo, pak opravdu nechápu proč ničí to, co léta budovalo. Po létech evropského blahobytu nás zřejmě čekají léta strádání, hloupostí. Jen aby to Evropu nepoložilo!",
    "claims": [
      {
        "id": 2,
        "claim": "Auta vypouštějící nula emisí jsou postihována.",
        "checkworthy": true,
        "checkworthy_reason": "Tento výrok tvrdí konkrétní akci (postihu) na určité objekty (auta s nulovými emisemi), což je ověřitelné, pokud jsou známá zdroje nebo předpisy.",
        "origin_text": "",
        "start": 74,
        "end": 74
      },
      {
        "id": 3,
        "claim": "EU nemá vybrané levné palivo.",
        "checkworthy": true,
        "checkworthy_reason": "Toto tvrzení obsahuje faktickou komponentu týkající se rozhodnutí EU o palivech, což lze ověřit prostřednictvím zveřejněných politik nebo prohlášení.",
        "origin_text": "je nesmysl. Pokud EU nemá jž dopředu vybrané levné,",
        "start": 75,
        "end": 126
      },
      {
        "id": 5,
        "claim": "EU nemá vybrané ekologické palivo.",
        "checkworthy": true,
        "checkworthy_reason": "Toto tvrzení může být ověřeno tím, že by se kontrolovaly spolehlivé zdroje nebo politiky EU týkající se ekologických paliv.",
        "origin_text": "ekologické palivo,",
        "start": 140,
        "end": 158
      }
    ]
  },
  {
    "source": "Filtr pevnych castic nezachyti oxidy dusiku nebo jine zplodiny.",
    "claims": [
      {
        "id": 0,
        "claim": "Filtr pevných částic nechytí oxidy dusičité.",
        "checkworthy": true,
        "checkworthy_reason": "Výrok obsahuje ověřitelné faktické informace o funkčnosti filtru pevných částic týkající se jeho schopnosti zadržovat konkrétní typ chemické látky, oxid dusičitý.",
        "origin_text": "Filtr pevnych castic nezachyti oxidy dusiku",
        "start": 0,
        "end": 43
      },
      {
        "id": 1,
        "claim": "Filtr pevných částic nechytí jiné znečišťující látky.",
        "checkworthy": true,
        "checkworthy_reason": "Výrok tvrdí generálně o schopnosti filtru pevných částic a může být ověřen tím, že se prozkoumá jeho účinnost proti různým typům znečišťujících látek.",
        "origin_text": "nebo jine zplodiny.",
        "start": 44,
        "end": 63
      }
    ]
  },
  {
    "source": "Heslo ve Windows je totiž jen na okrasu.",
    "claims": [
      {
        "id": 0,
        "claim": "Heslo ve Windows je pouze pro účely zabezpečení.",
        "checkworthy": true,
        "checkworthy_reason": "Výrok obsahuje faktické informace o primárním účelu hesla v systému Windows, které lze ověřit prostřednictvím dokumentace a znalostí o funkcionalitách operačního systému.",
        "origin_text": "Heslo ve Windows je totiž jen na okrasu.",
        "start": 0,
        "end": 40
      }
    ]
  },
  {
    "source": "Isoprinosine není antivirotikum - svým mechanismem účinku. I když se u viróz používá, to ano. Nicméně já jsem prodělala extrémně těžký COVID a myslím, že Isoprinosine mi byl spíše na škodu. Věřím, že může být užitečný u lehčích průběhů a spíše na začátku onemocnění.",
    "claims": [
      {
        "id": 0,
        "claim": "Isoprinosine není antivirotikum svým mechanismem účinku.",
        "checkworthy": true,
        "checkworthy_reason": "Výrok obsahuje tvrzení o mechanickém účinku léku, které lze ověřit prostřednictvím farmakologických a laboratorních studií.",
        "origin_text": "Isoprinosine není antivirotikum - svým mechanismem účinku.",
        "start": 0,
        "end": 58
      },
      {
        "id": 1,
        "claim": "Se isoprinosinem se u vírových nemocí používá.",
        "checkworthy": true,
        "checkworthy_reason": "Toto tvrzení obsahuje faktický prvek o klinické aplikaci léku, který lze ověřit prostřednictvím studií nebo zpráv.",
        "origin_text": "I když se u viróz používá,",
        "start": 59,
        "end": 85
      },
      {
        "id": 3,
        "claim": "Isoprinosine může být užitečný při lehčích průbězích vírových nemocí.",
        "checkworthy": true,
        "checkworthy_reason": "Toto tvrzení je fakticky ověřitelné prostřednictvím studií, které analyzují účinnost léku v rámci určité populace.",
        "origin_text": "Věřím, že může být užitečný u lehčích průběhů",
        "start": 190,
        "end": 235
      },
      {
        "id": 4,
        "claim": "Isoprinosine se zdá být nejúčinnější na začátku onemocnění.",
        "checkworthy": true,
        "checkworthy_reason": "Toto tvrzení je fakticky ověřitelné pomocí studií, které porovnávají časování léčby s klinickými výsledky.",
        "origin_text": "a spíše na začátku onemocnění.",
        "start": 236,
        "end": 266
      }
    ]
  },
  {
    "source": "Isoprinosine posiluje imunitu, pokud máte těžký průběh tak je to způsobeno vesměs přehnanou imunitní reakcí a musíte naopak brát kortikoidy, které imunitní reakci zeslabí.Kámoš měl také velmi těžký průběh a po kortikoidech byl za pár dní celkem fit.",
    "claims": [
      {
        "id": 0,
        "claim": "Isoprinosine posiluje imunitu.",
        "checkworthy": true,
        "checkworthy_reason": "Toto tvrzení obsahuje faktické informace o účinku léku, které lze ověřit prostřednictvím klinických studií nebo medicínských zdrojů.",
        "origin_text": "Isoprinosine posiluje imunitu,",
        "start": 0,
        "end": 30
      },
      {
        "id": 1,
        "claim": "Těžký průběh může být způsoben přehnanou imunitní reakcí.",
        "checkworthy": true,
        "checkworthy_reason": "Toto tvrzení obsahuje potenciální faktické informace o mechanismu nemoci, které lze ověřit prostřednictvím medicínských a vědeckých studií.",
        "origin_text": "pokud máte těžký průběh tak je to způsobeno vesměs přehnanou imunitní reakcí",
        "start": 31,
        "end": 107
      },
      {
        "id": 2,
        "claim": "Kortikoidy zeslabují imunitní reakci.",
        "checkworthy": true,
        "checkworthy_reason": "Toto tvrzení obsahuje faktické informace o účincích léku, které lze ověřit prostřednictvím medicínských a vědeckých zdrojů.",
        "origin_text": "a musíte naopak brát kortikoidy, které imunitní reakci zeslabí.",
        "start": 108,
        "end": 171
      }
    ]
  },
  {
    "source": "Jakože zvířata jiný zvířata nemučí? Viděl jste někdy třeba kosatky na lovu? Samozřejmě si k tomu nevyrábí nástroje, ovšem vynalézavý jsou až až.",
    "claims": [
      {
        "id": 0,
        "claim": "Zvířata jiná zvířata mohou mučit.",
        "checkworthy": true,
        "checkworthy_reason": "Výrok obsahuje ověřitelné faktické informace o chování mezi druhy, které lze prověřit na základě vědeckých studií nebo pozorování.",
        "origin_text": "Jakože zvířata jiný zvířata nemučí?",
        "start": 0,
        "end": 35
      },
      {
        "id": 1,
        "claim": "Kosatky loví.",
        "checkworthy": true,
        "checkworthy_reason": "Výrok obsahuje konkrétní tvrzení o chování kosatek, které lze ověřit pomocí vědeckých zdrojů a studií o přirozeném chování kosatek.",
        "origin_text": "Viděl jste někdy třeba kosatky na lovu?",
        "start": 36,
        "end": 75
      },
      {
        "id": 2,
        "claim": "Kosatky si pro lovení nevyrobují nástroje.",
        "checkworthy": true,
        "checkworthy_reason": "Výrok obsahuje tvrzení, které lze ověřit prostřednictvím etologických studií a pozorování chování kosatek.",
        "origin_text": "Samozřejmě si k tomu nevyrábí nástroje,",
        "start": 76,
        "end": 115
      }
    ]
  },
  {
    "source": "Jasně a všechna běžná auta s cenou kolem 500tis. se vyrábí výhradně pro východní Evropu, se proberte.",
    "claims": [
      {
        "id": 0,
        "claim": "Všechna běžná auta s cenou kolem 500tis. se vyrábí výhradně pro východní Evropu.",
        "checkworthy": true,
        "checkworthy_reason": "I když je tvrzení široké a obecné, obsahuje faktické prvky o geografii výroby aut, která lze prověřit pomocí spolehlivých zdrojů v automobilovém průmyslu.",
        "origin_text": "Jasně a všechna běžná auta s cenou kolem 500tis. se vyrábí výhradně pro východní Evropu,",
        "start": 0,
        "end": 88
      }
    ]
  },
  {
    "source": "Je to vse o nějaké volbě. Já učinil tuhle, auto nepotrebuju, vláda by měla činit kroky aby nám to zjednodušilu, třeba stavěli cyklostezky ve městech, takto jdou miliardy na předražené dalnice pro pár vyvolených",
    "claims": [
      {
        "id": 1,
        "claim": "Autor nemá potřebu k autu.",
        "checkworthy": true,
        "checkworthy_reason": "I když je subjektivní v tom smyslu, že 'potřeba' je vnímavá, může být ověřeno tím, že se zjistí o životním stylu nebo předpisech autora.",
        "origin_text": "Já učinil tuhle, auto nepotrebuju,",
        "start": 26,
        "end": 60
      },
      {
        "id": 4,
        "claim": "Miliardy jdou na předražené dálnice.",
        "checkworthy": true,
        "checkworthy_reason": "I když je obecné a chybí specifikace, může být ověřeno prostřednictvím vládních zpráv nebo finančních dokumentů o výdajích na dálnice.",
        "origin_text": "takto jdou miliardy na předražené dalnice",
        "start": 150,
        "end": 191
      }
    ]
  },
  {
    "source": "Jen k upřesnění. V Evropě se dobytek samozřejmě nezabíjí elektrickým proudem. Tím se jen omráčí aby ve chvíli podřezání nebyl při vědomí.",
    "claims": [
      {
        "id": 0,
        "claim": "V Evropě se dobytek samozřejmě nezabíjí elektrickým proudem.",
        "checkworthy": true,
        "checkworthy_reason": "Tento výrok tvrdí faktickou informaci o metodách zabíjení dobytka v Evropě, což lze ověřit prostřednictvím zákonů nebo standardů týkajících se dobytnického průmyslu.",
        "origin_text": "Jen k upřesnění. V Evropě se dobytek samozřejmě nezabíjí elektrickým proudem.",
        "start": 0,
        "end": 77
      },
      {
        "id": 1,
        "claim": "Elektrický proud se používá k tomu, aby dobytek omráčil před podřezáním.",
        "checkworthy": true,
        "checkworthy_reason": "Tento výrok tvrdí faktickou informaci o technologii nebo metodě používané pro zpracování dobytka, což je ověřitelné prostřednictvím průmyslových postupů a protokolů.",
        "origin_text": "Tím se jen omráčí",
        "start": 78,
        "end": 95
      },
      {
        "id": 2,
        "claim": "Dobytek je omráčen, aby ve chvíli podřezání nebyl při vědomí.",
        "checkworthy": true,
        "checkworthy_reason": "Tento výrok uvádí faktické tvrzení o účelu techniky použité v zpracovatelském procesu dobytka, což je ověřitelné prostřednictvím protokolů podřezání nebo dobytnických standardů.",
        "origin_text": "aby ve chvíli podřezání nebyl při vědomí.",
        "start": 96,
        "end": 137
      }
    ]
  },
  {
    "source": "Jen normální vývoj civilizace/í. Chudoba-rozvoj-pokrok-blahobyt-vymýšlení hloupostí-úpadek-zapomění.",
    "claims": [
      {
        "id": 2,
        "claim": "Rozvoj vedl k pokroku.",
        "checkworthy": true,
        "checkworthy_reason": "Výrok obsahuje generalizovanou tvrzení, které lze prověřit důkazy z historie a technologických úspěchů.",
        "origin_text": "pokrok",
        "start": 48,
        "end": 54
      },
      {
        "id": 3,
        "claim": "Pokrok přispěl ke zvýšení blahobytu.",
        "checkworthy": true,
        "checkworthy_reason": "Výrok obsahuje faktické prvky o spojení mezi pokrokovými úspěchy a ekonomickým nebo sociálním blahobytem, které lze analyzovat.",
        "origin_text": "blahobyt",
        "start": 55,
        "end": 63
      },
      {
        "id": 4,
        "claim": "Civilizace se zabývala vymýšlením nových myšlenek.",
        "checkworthy": true,
        "checkworthy_reason": "Toto tvrzení může být ověřeno historickými důkazy o inovacích a intelektuálním rozvoji.",
        "origin_text": "vymýšlení hloupostí",
        "start": 64,
        "end": 83
      },
      {
        "id": 5,
        "claim": "Úpadek je součástí cyklu civilizačního procesu.",
        "checkworthy": true,
        "checkworthy_reason": "Toto tvrzení lze analyzovat pomocí historických studií o vzestupu a pádu civilizací.",
        "origin_text": "úpadek",
        "start": 84,
        "end": 90
      }
    ]
  },
  {
    "source": "Já si marně vzpomínám, kdy politici místo restrikcí něco povolili. Snad prodloužení intervalu technické u motorek. Jinak se pořád zpřísňuje ve všech oblastech života. A je úplně jedno která strana je u vesla",
    "claims": []
  },
  {
    "source": "Já už vyzkoušel hodně antivirů, ale jako nejlepší se mi jeví Kasperski internet security.Ten obsahuje i správu síťového provozu a umožňuje ručně zakázat programům síťovou komunikaci, což jsem u jiných antivirů neměl.Takže jakémukoliv programu můžete zakázat odesílat data (ne vždy je to přínosem) a taky jakémukoliv systémovému programu. Něco podobného nabízí i AVG ale hodně omezeně oproti Kasperskému.",
    "claims": []
  },
  {
    "source": "Kanibalové na ostrově Samoa těžko budou mít reggae v krvi, to vzniklo na úplně jiném ostrově, v úplně jiném moři...Jsem na takové málo informované poznámky trochu alergická, ale možná za to může tahle moje diagnóza:https://www.youtube.com/watch?v=7MEqaQJ9lqU",
    "claims": [
      {
        "id": 0,
        "claim": "Kanibalové žijí na ostrově Samoa.",
        "checkworthy": true,
        "checkworthy_reason": "Tento výrok obsahuje specifickou tvrzenku o lokalitě, což umožňuje faktickou ověření historických nebo antropologických záznamů.",
        "origin_text": "Kanibalové na ostrově Samoa",
        "start": 0,
        "end": 27
      }
    ]
  },
  {
    "source": "Komiks super, jen tak dál! Je s podivem, že tady nikomu nevadí, že Přerov přišel o miliardovou investici a 3500 pracovních míst mimo jiné kvůli tomu, že není napojený na dálnici, protože její výstavbu blokují dva, možná tři lidé.Demokracie není jen o tom, abych mohl projevit svůj názor, ale také o tom, že respektuji a akceptuji názor většiny. A pokud jej neakceptuji, pak je na mě, abych dal dohromady větší většinu",
    "claims": [
      {
        "id": 1,
        "claim": "Přerov přišel o miliardovou investici.",
        "checkworthy": true,
        "checkworthy_reason": "Výrok obsahuje konkrétní tvrzení o ekonomickém události v Přerově, které lze fakticky ověřit.",
        "origin_text": "jen tak dál! Je s podivem, že tady nikomu nevadí, že Přerov přišel o miliardovou investici",
        "start": 14,
        "end": 104
      },
      {
        "id": 2,
        "claim": "Přerov ztratil 3500 pracovních míst.",
        "checkworthy": true,
        "checkworthy_reason": "Výrok obsahuje konkrétní tvrzení o ekonomickém dopadu v Přerově, které lze fakticky ověřit.",
        "origin_text": "a 3500 pracovních míst",
        "start": 105,
        "end": 127
      },
      {
        "id": 4,
        "claim": "Výstavbu dálnice blokují dva nebo tři lidé.",
        "checkworthy": true,
        "checkworthy_reason": "Toto tvrzení obsahuje konkrétní faktickou situaci, která lze ověřit prostřednictvím zpráv nebo oznámení.",
        "origin_text": "protože její výstavbu blokují dva, možná tři lidé.",
        "start": 179,
        "end": 229
      }
    ]
  },
  {
    "source": "Michate hrusky a jabka. Windows NT koexistovaly s klasickymi Windows az do Windows 2000.",
    "claims": [
      {
        "id": 0,
        "claim": "Michaté zahrnují hru na hrusky.",
        "checkworthy": true,
        "checkworthy_reason": "Výrok obsahuje tvrzení o aktivitách při míchání, které lze ověřit prostřednictvím kulturní historie a spolehlivých zdrojů popisujících tradiční hry na míchání.",
        "origin_text": "Michate hrusky",
        "start": 0,
        "end": 14
      },
      {
        "id": 1,
        "claim": "Michaté zahrnují hru na jablka.",
        "checkworthy": true,
        "checkworthy_reason": "Podobně jako předchozí výrok, tvrzení o hře na míchání s jablekami může být ověřeno prostřednictvím kulturního kontextu a historických záznamů.",
        "origin_text": "a jabka.",
        "start": 15,
        "end": 23
      },
      {
        "id": 2,
        "claim": "Windows NT koexistoval s klasickými Windows až do Windows 2000.",
        "checkworthy": true,
        "checkworthy_reason": "Toto tvrzení obsahuje faktické informace o verzích operačního systému společnosti Microsoft, které lze ověřit historickými záznamy a technickými dokumentacemi.",
        "origin_text": "Windows NT koexistovaly s klasickymi Windows az do Windows 2000.",
        "start": 24,
        "end": 88
      }
    ]
  },
  {
    "source": "Možná by si na CO2 měla paní redaktorka začít dávat velký pozor, aby se tou toxickou zplodinou neotrávila při pití bublinkové limonády, nebo sodovky.",
    "claims": [
      {
        "id": 1,
        "claim": "CO2 je toxická zplodina.",
        "checkworthy": true,
        "checkworthy_reason": "Toto tvrzení je fakticky ověřitelné na základě vědeckých dat o vlastnostech oxidu uhličitého a jeho účincích na životní prostředí.",
        "origin_text": "aby se tou toxickou zplodinou neotrávila",
        "start": 65,
        "end": 105
      },
      {
        "id": 2,
        "claim": "Sodovka obsahuje CO2.",
        "checkworthy": true,
        "checkworthy_reason": "Toto tvrzení lze ověřit inspekci složení sodovky nebo zákaznických informačních letáků produkujících firmy.",
        "origin_text": "při pití bublinkové limonády, nebo sodovky.",
        "start": 106,
        "end": 149
      }
    ]
  },
  {
    "source": "Na bolestivé břicho čaj z majoránky. I na velké křeče.",
    "claims": [
      {
        "id": 0,
        "claim": "Na bolestivé břicho lze použít čaj z majoránky.",
        "checkworthy": true,
        "checkworthy_reason": "Výrok obsahuje faktickou tvrzení o léčebném použití, která může být ověřena prostřednictvím medicínských nebo etnobotanických studií a zdrojů.",
        "origin_text": "Na bolestivé břicho čaj z majoránky.",
        "start": 0,
        "end": 36
      },
      {
        "id": 1,
        "claim": "Čaj z majoránky se může používat i na velké křeče.",
        "checkworthy": true,
        "checkworthy_reason": "Toto tvrzení nabízí faktickou informaci o léčebném využití čaje z majoránky, která lze také ověřit prostřednictvím zdrojů souvisejících s medicínou nebo tradičními léčivými postupy.",
        "origin_text": "I na velké křeče.",
        "start": 37,
        "end": 54
      }
    ]
  },
  {
    "source": "Neni. Linux totiz s vice uzivateli pocital od zacatku po vzoru Unixu. Windows to ma dohackovane dost bidne",
    "claims": [
      {
        "id": 1,
        "claim": "Linux je inspirován unixovým modelem od počátku.",
        "checkworthy": true,
        "checkworthy_reason": "Výrok obsahuje faktické informace o historii Linuxu, které lze prověřit na základě spolehlivých historických a technologických zdrojů.",
        "origin_text": "pocital od zacatku po vzoru Unixu.",
        "start": 35,
        "end": 69
      },
      {
        "id": 2,
        "claim": "Windows má implementaci pro více uživatelů, kterou kritizují jako špatně navrženou.",
        "checkworthy": true,
        "checkworthy_reason": "Výrok obsahuje faktické prvky o Windows implementaci pro více uživatelů a veřejné názory nebo kritiky, které lze ověřit pomocí technologických zdrojů a recenzí.",
        "origin_text": "Windows to ma dohackovane dost bidne",
        "start": 70,
        "end": 106
      }
    ]
  },
  {
    "source": "Nepadla tu ještě zajímavá věc, že po prvním omezení dopravy kvůli coroně se tam emise zvýšily, a nikdo neví proč... Ale naměřené to bylo.",
    "claims": [
      {
        "id": 0,
        "claim": "Po prvním omezení dopravy kvůli koronaviru se emise zvýšily.",
        "checkworthy": true,
        "checkworthy_reason": "Tento výrok obsahuje faktické prvky, jako jsou datum události a změna emisí, které lze ověřit prostřednictvím datových sestav o klimatických proměnných po konkrétních politikách týkajících se dopravy.",
        "origin_text": "Nepadla tu ještě zajímavá věc, že po prvním omezení dopravy kvůli coroně se tam emise zvýšily,",
        "start": 0,
        "end": 94
      },
      {
        "id": 2,
        "claim": "Emise byly naměřeny.",
        "checkworthy": true,
        "checkworthy_reason": "Tento výrok uvádí faktickou činnost měření emisí, což je objektivní proces a lze jej ověřit prostřednictvím zveřejněných datových sestav nebo studií.",
        "origin_text": "Ale naměřené to bylo.",
        "start": 116,
        "end": 137
      }
    ]
  },
  {
    "source": "Nesúhlasím. Zoberte si zvieratá najbližšie k nám, teda tie viac inteligentné (gorily, delfíny a podobne). Myslím že by toho vymysleli oveľa viac. A vôbec to nemyslím tak že \"ne ne, to je ošklivé\" ..... ja tvrdím, že ľudia sú zlejší. Čo chcete vymýšľať na vraždiacich výpravách, vojskách, keď sa celá armáda, skupina vybrala niekam a len tak, bez ničoho, dosť kruto vyničila celú osadu, dedinu, celý kmeň. Čo je na tom o vymýšľaní keď sa tu ničíme 5000 rokov???",
    "claims": [
      {
        "id": 3,
        "claim": "Někteří lidé tvrdí, že lidé jsou zlými stvořeními.",
        "checkworthy": true,
        "checkworthy_reason": "Toto tvrzení odráží skutečnou existenci názorů a může být ověřeno prostřednictvím literatury nebo výzkumů.",
        "origin_text": "ja tvrdím, že ľudia sú zlejší.",
        "start": 202,
        "end": 232
      },
      {
        "id": 4,
        "claim": "Armády a skupiny ničily osady a vesnice.",
        "checkworthy": true,
        "checkworthy_reason": "Historicky dokumentované události zahrnující armády a skupiny násilně ničící osady lze ověřit.",
        "origin_text": "Čo chcete vymýšľať na vraždiacich výpravách, vojskách, keď sa celá armáda, skupina vybrala niekam a len tak, bez ničoho, dosť kruto vyničila celú osadu, dedinu",
        "start": 233,
        "end": 392
      },
      {
        "id": 5,
        "claim": "I celé kmene byly zničeny lidmi.",
        "checkworthy": true,
        "checkworthy_reason": "Toto tvrzení je ověřitelné prostřednictvím důkazů historických událostí a studií.",
        "origin_text": " celý kmeň.",
        "start": 393,
        "end": 404
      },
      {
        "id": 6,
        "claim": "Vojenské konflikty a násilí probíhají již 5000 let.",
        "checkworthy": true,
        "checkworthy_reason": "Toto tvrzení lze ověřit prostřednictvím archeologických důkazů a historického záznamu.",
        "origin_text": "Čo je na tom o vymýšľaní keď sa tu ničíme 5000 rokov???",
        "start": 405,
        "end": 460
      }
    ]
  },
  {
    "source": "Nezlobte se, ale i moje 8 let stará Octavia 3 s TDi 2L 110kW plní EURO 6...",
    "claims": [
      {
        "id": 0,
        "claim": "Octavia 3 je vozidlo.",
        "checkworthy": true,
        "checkworthy_reason": "Výrok obsahuje ověřitelnou fakta o názvu modelu automobilu, který lze shledat v katalogu vozidel.",
        "origin_text": "Nezlobte se, ale i moje 8 let stará Octavia 3",
        "start": 0,
        "end": 45
      },
      {
        "id": 1,
        "claim": "Octavia 3 má motor TDI 2L.",
        "checkworthy": true,
        "checkworthy_reason": "Toto tvrzení poskytuje konkrétní technické detaily, které mohou být ověřeny skrze uživatelské manuály nebo inzerce pro model Octavia 3.",
        "origin_text": "s TDi 2L",
        "start": 46,
        "end": 54
      },
      {
        "id": 2,
        "claim": "TDI 2L má výkon 110 kW.",
        "checkworthy": true,
        "checkworthy_reason": "Výrok obsahuje specifickou technickou specifikaci, která může být ověřena pomocí inženýrských dat nebo certifikací pro motor TDI 2L.",
        "origin_text": "110kW",
        "start": 55,
        "end": 60
      },
      {
        "id": 3,
        "claim": "Octavia 3 plní normy EURO 6.",
        "checkworthy": true,
        "checkworthy_reason": "Toto tvrzení se týká konkrétního environmentálního standardu, který je pro automobily ověřitelný prostřednictvím oficiálních certifikací nebo veřejné dokumentace.",
        "origin_text": "plní EURO 6",
        "start": 61,
        "end": 72
      }
    ]
  },
  {
    "source": "No co se vam na tom nezda? Drive mely elektroauta baterky tak puruznu (i v kufru), a hlavne je to rozdil proti benzinaku - elektro ma baterky v podlaze, a diky tomu ma nizke teziste (o je jen konstatovani faktu, neni to nejake prekvapive odhaleni)",
    "claims": [
      {
        "id": 0,
        "claim": "Elektroauta dříve měla baterky tak přepracované.",
        "checkworthy": true,
        "checkworthy_reason": "Výrok obsahuje faktické informace týkající se historických specifikací elektroaut, které lze ověřit technickou literaturou nebo záznamy.",
        "origin_text": "No co se vam na tom nezda? Drive mely elektroauta baterky tak puruznu",
        "start": 0,
        "end": 69
      },
      {
        "id": 1,
        "claim": "Baterky byly i v kufru elektroauta.",
        "checkworthy": true,
        "checkworthy_reason": "Výrok obsahuje konkrétní tvrzení o designu baterií ve vozech, což je ověřitelné s technickými specifikacemi aut.",
        "origin_text": "(i v kufru",
        "start": 70,
        "end": 80
      },
      {
        "id": 3,
        "claim": "Elektroauta mají baterky ve své podlaze.",
        "checkworthy": true,
        "checkworthy_reason": "Výrok obsahuje konkrétní tvrzení o designu elektroaut, které lze ověřit technickými specifikacemi aut.",
        "origin_text": "- elektro ma baterky v podlaze",
        "start": 121,
        "end": 151
      },
      {
        "id": 4,
        "claim": "Nízké tezisy jsou důsledkem umístění baterií v podlaze.",
        "checkworthy": true,
        "checkworthy_reason": "Výrok obsahuje tvrzení o tom, jak design ovlivňuje specifickou charakteristiku vozu, což je ověřitelné pomocí inženýrských a návrhových zdrojů.",
        "origin_text": " a diky tomu ma nizke teziste (o je jen konstatovani faktu, neni to nejake prekvapive odhaleni)",
        "start": 152,
        "end": 247
      }
    ]
  },
  {
    "source": "No, on ten Peugeot ve skutečnosti zas o tolik menší nebude. Vnitřní prostor a kufr jsou v podstatě nastejno. Kompaktnější je jen zvenku.",
    "claims": [
      {
        "id": 1,
        "claim": "Vnitřní prostor a kufr Peugeota jsou v podstatě nastejno.",
        "checkworthy": true,
        "checkworthy_reason": "Toto tvrzení může být ověřeno srovnáním konkrétních rozměrových dat o vnitřním prostore a kufre různých modelů Peugeotu z důvěryhodných zdrojů.",
        "origin_text": "Vnitřní prostor a kufr jsou v podstatě nastejno.",
        "start": 60,
        "end": 108
      },
      {
        "id": 2,
        "claim": "Peugeot je kompaktnější pouze zvenku.",
        "checkworthy": true,
        "checkworthy_reason": "Tvrzení se týká vizuálních rozměrů, které lze ověřit srovnáním dimenzí různých modelů Peugeota a jiných automobilů.",
        "origin_text": "Kompaktnější je jen zvenku.",
        "start": 109,
        "end": 136
      }
    ]
  },
  {
    "source": "No, oni si ty staré benzínové šunky kupovali i tam, kde zakázali čisté diesely...",
    "claims": [
      {
        "id": 0,
        "claim": "Někteří lidé si kupovali staré benzínové šunky i v oblastech, kde byly zakázané čisté dieselové motory.",
        "checkworthy": true,
        "checkworthy_reason": "Výrok obsahuje faktické informace týkající se nákupu starých benzínových vozidel v konkrétních geografických oblastech s ustanoveními o zákazu čistých dieselových motorů. To lze ověřit prostřednictvím pravidel, předpisů týkajících se vozidel a nákupních vzorců.",
        "origin_text": "No, oni si ty staré benzínové šunky kupovali i tam, kde zakázali čisté diesely...",
        "start": 0,
        "end": 81
      },
      {
        "id": 1,
        "claim": "Staré benzínové šunty byly používány v oblastech s omezením pro čisté dieselové motory.",
        "checkworthy": true,
        "checkworthy_reason": "Tento výrok obsahuje faktické informace týkající se užívání starých benzínových vozidel v konkrétních geografických oblastech s omezením pro čisté dieselové motory, což je ověřitelné prostřednictvím údajů o přijatých zákonech a praxi užívání vozidel.",
        "origin_text": "",
        "start": 81,
        "end": 81
      }
    ]
  },
  {
    "source": "No, pokud si dobře pamatuji, tek zelení chtějí vybíjet i hospodářská zvířata, protože moc prdí meta a to je skleníkový plyn ...",
    "claims": [
      {
        "id": 0,
        "claim": "Zelení chtějí vybíjet i hospodářská zvířata.",
        "checkworthy": true,
        "checkworthy_reason": "Výrok tvrdí konkrétní politickou pozici nebo názor, který by mohl být ověřen prostřednictvím veřejných prohlášení, dokumentů politických stran nebo jiných spolehlivých zdrojů.",
        "origin_text": "No, pokud si dobře pamatuji, tek zelení chtějí vybíjet i hospodářská zvířata,",
        "start": 0,
        "end": 77
      },
      {
        "id": 1,
        "claim": "Hospodářská zvířata mnoho prdí.",
        "checkworthy": true,
        "checkworthy_reason": "Výrok obsahuje tvrzení o životním procesu, které lze prověřit prostřednictvím vědeckých studií nebo agroekologických zdrojů.",
        "origin_text": "protože moc prdí meta",
        "start": 78,
        "end": 99
      },
      {
        "id": 2,
        "claim": "Pračina je skleníkový plyn.",
        "checkworthy": true,
        "checkworthy_reason": "Výrok obsahuje tvrzení o chemické a environmentální povaze pračiny, což lze ověřit prostřednictvím vědeckých studií nebo zpráv o uhlíkovém otisku.",
        "origin_text": "a to je skleníkový plyn ...",
        "start": 100,
        "end": 127
      }
    ]
  },
  {
    "source": "On náš prezident má také úplně jiné kompetence než ten americký.Že mají ministři vnitra různé role v různých státech, to samo o sobě není důvod neříkat jim stejně.",
    "claims": [
      {
        "id": 1,
        "claim": "Ministři vnitra mají různé role v různých státech.",
        "checkworthy": true,
        "checkworthy_reason": "Výrok tvrdí faktickou informaci o variabilitě rolí mezi ministrem vnitra v různých jurisdikcích, což je ověřitelné zprávami nebo oficiálními dokumenty.",
        "origin_text": "e mají ministři vnitra různé role v různých státech,",
        "start": 65,
        "end": 117
      }
    ]
  },
  {
    "source": "Ono nula nula nic krát milion v jednom městě dá hodně. A navíc těch nula nula nic platí pro zahřátý motor. V ranní špičce ve městech popojíždí studené nafťáky, které mají několikanásobné emise.Ono jde o to, že se doba změnila. Každý má auto, obzvláště v Německu je jejich koncentrace enormní. A lidí chtějí taky dýchat a nejen si vozit zadek.Kdo bydlí u magistrály, ví jaký to je, jaký je tam prach a hluk. Jenomže těch magistrál mají v Německu (ale i v jiných zemích) tisíce.Neříkám, že současný postup je ideální. Ale nic nedělat a nechat se dál dusit, taky není řešení.",
    "claims": [
      {
        "id": 1,
        "claim": "Nula nulové platí pro zahřáté motory.",
        "checkworthy": true,
        "checkworthy_reason": "Toto tvrzení může být ověřeno prostřednictvím technických specifikací a definic, které popisují 'nahoruové' nebo 'zahřáté' motory v rámci pravidel pro nulovou emisi.",
        "origin_text": "A navíc těch nula nula nic platí pro zahřátý motor.",
        "start": 55,
        "end": 106
      },
      {
        "id": 2,
        "claim": "V ranní špičce ve městech popojíždí studené auta s vyššími emisemi.",
        "checkworthy": true,
        "checkworthy_reason": "Toto tvrzení lze ověřit pomocí dat o emisích z vozidel a studiích týkajících se toho, jak teplota motoru ovlivňuje emise.",
        "origin_text": "V ranní špičce ve městech popojíždí studené nafťáky, které mají několikanásobné emise.",
        "start": 107,
        "end": 193
      },
      {
        "id": 5,
        "claim": "Bydlící u magistrály zažívají prach a hluk.",
        "checkworthy": true,
        "checkworthy_reason": "Toto tvrzení může být ověřeno prostřednictvím studií o dopadu silnic na okolní oblasti z hlediska znečištění vzduchu a hluku.",
        "origin_text": "do bydlí u magistrály, ví jaký to je, jaký je tam prach a hluk.",
        "start": 343,
        "end": 406
      },
      {
        "id": 6,
        "claim": "V Německu existují tisíce magistrálů, stejně jako v jiných zemích.",
        "checkworthy": true,
        "checkworthy_reason": "Toto tvrzení lze ověřit prostřednictvím geografických a infrastrukturních dat o počtu silnic označených jako magistrály.",
        "origin_text": "Jenomže těch magistrál mají v Německu (ale i v jiných zemích) tisíce.",
        "start": 407,
        "end": 476
      },
      {
        "id": 8,
        "claim": "Nečinnost vedla k problémům s úrovní dusičnanů a dusíku.",
        "checkworthy": true,
        "checkworthy_reason": "Toto tvrzení může být ověřeno prostřednictvím výzkumu a studií, které zkoumají dopady nečinnosti na úrovně těchto chemických látek.",
        "origin_text": "Ale nic nedělat a nechat se dál dusit, taky není řešení.",
        "start": 516,
        "end": 572
      }
    ]
  },
  {
    "source": "Ono se nikde emise nezvysily, staci neopak blbosti porad dokola :DAle jinak ano, muze se stat i to, ze namerite horsi hodnoty znecisteni v den, kdy nevyjede ani jedno auto, oproti dnu s provozem. Staci kdyz ten den bez aut bude inverze, a ten normalni den bude krasne a pofukovat vitr. Presto z takoveho mereni opravdu neplyne to, ze auta cisti vzduch :D",
    "claims": [
      {
        "id": 0,
        "claim": "Emise se nikde nezvýšily.",
        "checkworthy": true,
        "checkworthy_reason": "Tento výrok tvrdí faktické informace o trendech emisí, které lze ověřit pomocí environmentálních dat.",
        "origin_text": "Ono se nikde emise nezvysily,",
        "start": 0,
        "end": 29
      },
      {
        "id": 2,
        "claim": "Může dojít k tomu, že měříte horší hodnoty znečištění v den, kdy nevyjede ani jedno auto.",
        "checkworthy": true,
        "checkworthy_reason": "Výrok představuje tvrzení o možném pozorování znečišťujících látek, které lze ověřit prostřednictvím měření vzduchu.",
        "origin_text": "le jinak ano, muze se stat i to, ze namerite horsi hodnoty znecisteni v den, kdy nevyjede ani jedno auto,",
        "start": 67,
        "end": 172
      },
      {
        "id": 3,
        "claim": "Normální den s provozem by mohl být slunečný a foukavý.",
        "checkworthy": true,
        "checkworthy_reason": "Tvrzení popisuje typické meteorologické podmínky, které lze ověřit pomocí historických klimatických dat.",
        "origin_text": "oproti dnu s provozem. Staci kdyz ten den bez aut bude inverze, a ten normalni den bude krasne a pofukovat vitr.",
        "start": 173,
        "end": 285
      },
      {
        "id": 4,
        "claim": "Z takového měření nevyplývá, že auto čistí vzduch.",
        "checkworthy": true,
        "checkworthy_reason": "Výrok nabízí interpretaci environmentálních dat týkající se dopadu aut na kvalitu vzduchu.",
        "origin_text": "Presto z takoveho mereni opravdu neplyne to, ze auta cisti vzduch :D",
        "start": 286,
        "end": 354
      }
    ]
  },
  {
    "source": "Pekny a trefny clanek. Osobne vyznavam tvrdy pristup jaky maji v Oregonu. Tedy extremni pokuty a postihy za znecistovani prirody a nerespektovani narizeni. Ve zminenem Oregonu treba pokuta za znecistovani az do $6250.",
    "claims": []
  },
  {
    "source": "Pokud mate fyzicky pristup k pocitaci a disk neni sifrovany, tak linux nepomuze.Ale stale lepsi nez win, kde sifrovani je dostupne az pro verzi pro.",
    "claims": [
      {
        "id": 0,
        "claim": "Fyzický přístup k počítači umožňuje přistupovat ke zálohovaným datům.",
        "checkworthy": true,
        "checkworthy_reason": "Výrok obsahuje faktické informace týkající se technologických principů fyzického přístupu a zálohování, které lze ověřit.",
        "origin_text": "Pokud mate fyzicky pristup k pocitaci",
        "start": 0,
        "end": 37
      },
      {
        "id": 1,
        "claim": "Disk, který není šifrovaný, může být snadno přístupný.",
        "checkworthy": true,
        "checkworthy_reason": "Výrok tvrdí faktickou informaci o bezpečnostních rizicích nešifrovaných disků, což je možné ověřit pomocí technologických a zabezpečovacích znalostí.",
        "origin_text": "a disk neni sifrovany,",
        "start": 38,
        "end": 60
      },
      {
        "id": 2,
        "claim": "Linux nepomůže chránit nešifrované disky před fyzickým přístupem.",
        "checkworthy": true,
        "checkworthy_reason": "Výrok uvádí faktickou tvrzení o funkcionalitě operačního systému a jeho schopnostech zabezpečovat data, což je možné ověřit.",
        "origin_text": "tak linux nepomuze.",
        "start": 61,
        "end": 80
      },
      {
        "id": 4,
        "claim": "Windows nabízí šifrování pouze v určitých verzích.",
        "checkworthy": true,
        "checkworthy_reason": "Výrok obsahuje specifickou informaci o funkcionalitě operačního systému, která může být ověřena na základě technických dokumentací Windows.",
        "origin_text": "kde sifrovani je dostupne az pro verzi pro.",
        "start": 105,
        "end": 148
      }
    ]
  },
  {
    "source": "Sulawesi je velky ostrov vedle Bornea a Tana Toraja je oblast ve vnitrozemi. Ostrov spada pod Indonesia. Pred 10 lety jsem absoluoval stejny zazitek, autorka to popsala pomerne presne. Na Sulawesi jsem stravil zhruba mesic a rozhodne je to misto ktere stoji za navstevu. Zadni turiste, par batuzkaru. Sulawesi je take znamo jako jedno z nejlepsich mist na potapeni na svete.",
    "claims": [
      {
        "id": 0,
        "claim": "Sulawesi je velký ostrov vedle Bornea.",
        "checkworthy": true,
        "checkworthy_reason": "Výrok obsahuje ověřitelné geografické informace o poloze a relativní velikosti Sulawesi.",
        "origin_text": "Sulawesi je velky ostrov vedle Bornea",
        "start": 0,
        "end": 37
      },
      {
        "id": 1,
        "claim": "Tana Toraja je oblast ve vnitrozemi Sulawesi.",
        "checkworthy": true,
        "checkworthy_reason": "Tvrzení poskytuje konkrétní geografickou lokalizaci, která může být ověřena.",
        "origin_text": "a Tana Toraja je oblast ve vnitrozemi.",
        "start": 38,
        "end": 76
      }
    ]
  },
  {
    "source": "Ta provozni teplota je kvuli tomu, ze motor ktery neni zahraty na optimalni teplotu ma vyssi emise. Napriklad kvuli tomu, ze je nutne mit bohatsi smes. A systemy jsou nastaveny na provozni teplotu motoru a optimalni otacky (katalyzator, SCR,..)",
    "claims": [
      {
        "id": 1,
        "claim": "Motor nenabíhající na optimální teplotu má vyšší emise.",
        "checkworthy": true,
        "checkworthy_reason": "Toto tvrzení obsahuje faktické prvky týkající se vztahu mezi motorovou teplotou a emisemi, což lze ověřit pomocí inženýrských nebo environmentálních studií.",
        "origin_text": "ktery neni zahraty na optimalni teplotu ma vyssi emise.",
        "start": 44,
        "end": 99
      },
      {
        "id": 2,
        "claim": "Vyšší emise jsou způsobeny bohatší směsí.",
        "checkworthy": true,
        "checkworthy_reason": "Toto tvrzení tvrdí faktické mechaniky spojené s emisemi a směsí paliva, což lze ověřit prostřednictvím technických zdrojů nebo výzkumu.",
        "origin_text": "Napriklad kvuli tomu, ze je nutne mit bohatsi smes.",
        "start": 100,
        "end": 151
      },
      {
        "id": 4,
        "claim": "Optimální otáčky se týkají katalyzátoru a SCR.",
        "checkworthy": true,
        "checkworthy_reason": "Toto tvrzení zahrnuje faktické prvky o vztahu mezi otáčkami motoru, katalyzátorem a systémem redukce oxidů dusných, což lze ověřit prostřednictvím technických referencí.",
        "origin_text": "a optimalni otacky (katalyzator, SCR,..)",
        "start": 204,
        "end": 244
      }
    ]
  },
  {
    "source": "Tak moc se to neprojevilo. Daleko více rodin bylo doma, děti nevozili do školy, celkově provoz v průměru klesl v našem městě o 40%.",
    "claims": [
      {
        "id": 1,
        "claim": "Daleko více rodin bylo doma.",
        "checkworthy": true,
        "checkworthy_reason": "I když je obecné, výrok lze teoreticky ověřit prostřednictvím dat o populaci nebo průzkumů o chování rodin.",
        "origin_text": "Daleko více rodin bylo doma,",
        "start": 27,
        "end": 55
      },
      {
        "id": 2,
        "claim": "Děti nevozili do školy.",
        "checkworthy": true,
        "checkworthy_reason": "Výrok obsahuje faktické tvrzení, které může být ověřeno záznamy o účasti dětí na vzdělávacích institucích.",
        "origin_text": "děti nevozili do školy,",
        "start": 56,
        "end": 79
      },
      {
        "id": 3,
        "claim": "Celkový provoz klesl o 40% v našem městě.",
        "checkworthy": true,
        "checkworthy_reason": "Výrok obsahuje kvantifikované tvrzení, které lze ověřit prostřednictvím dopravních dat nebo oficiálních zpráv.",
        "origin_text": "celkově provoz v průměru klesl v našem městě o 40%.",
        "start": 80,
        "end": 131
      }
    ]
  },
  {
    "source": "Tak naštěstí se KDU-ČSL nedostalo do vlády, takže nemohlo dál za Kapsch lobovat a ten vývar mu prodloužit ...",
    "claims": [
      {
        "id": 0,
        "claim": "KDU-ČSL se nedostalo do vlády.",
        "checkworthy": true,
        "checkworthy_reason": "Tento výrok obsahuje ověřitelné faktické informace o politickém zastoupení strany KDU-ČSL, což lze ověřit pomocí veřejně dostupných záznamů nebo sestav vlády.",
        "origin_text": "Tak naštěstí se KDU-ČSL nedostalo do vlády,",
        "start": 0,
        "end": 43
      },
      {
        "id": 1,
        "claim": "KDU-ČSL nezkrajovalo další lobbování pro Kapsch.",
        "checkworthy": true,
        "checkworthy_reason": "Tento výrok tvrdí faktickou činnost strany KDU-ČSL ohledně jejich lobbingového chování, což lze ověřit prostřednictvím záznamů o aktivitách nebo veřejných prohlášeních.",
        "origin_text": "takže nemohlo dál za Kapsch lobovat",
        "start": 44,
        "end": 79
      }
    ]
  },
  {
    "source": "Tak třeba v Říčanech u Prahy se nová škola postavila a letos začne výstavba další. Z jakých peněz nevím, ale peněz města tam bude menší díl, město na budování staveb v úhrnu půl miliardy nemá.",
    "claims": [
      {
        "id": 0,
        "claim": "V Říčanech u Prahy se nová škola postavila.",
        "checkworthy": true,
        "checkworthy_reason": "Toto tvrzení obsahuje konkrétní místo a stavbu, což jsou faktické prvky, které lze ověřit prostřednictvím veřejných záznamů nebo oznámení.",
        "origin_text": "Tak třeba v Říčanech u Prahy se nová škola postavila",
        "start": 0,
        "end": 52
      },
      {
        "id": 1,
        "claim": "Letos začne výstavba další školy v Říčanech u Prahy.",
        "checkworthy": true,
        "checkworthy_reason": "Tento výrok obsahuje specifické datum a projekt stavby, což jsou informace, které lze ověřit prostřednictvím plánů místního úřadu nebo oficiálních oznámení.",
        "origin_text": "a letos začne výstavba další.",
        "start": 53,
        "end": 82
      },
      {
        "id": 3,
        "claim": "Peněz města bude menší díl na výstavbě nových budov.",
        "checkworthy": true,
        "checkworthy_reason": "Tento výrok obsahuje tvrzení o financování, které lze potenciálně ověřit prostřednictvím místních účetních záznamů nebo rozpočtových dokumentů.",
        "origin_text": "ale peněz města tam bude menší díl,",
        "start": 105,
        "end": 140
      },
      {
        "id": 4,
        "claim": "Město nemá půl miliardy korun na stavbu staveb.",
        "checkworthy": true,
        "checkworthy_reason": "Toto tvrzení obsahuje specifickou finanční částku, která souvisí s financováním budov a lze ji ověřit prostřednictvím rozpočtových záznamů města nebo oficiálních prohlášení.",
        "origin_text": "město na budování staveb v úhrnu půl miliardy nemá.",
        "start": 141,
        "end": 192
      }
    ]
  },
  {
    "source": "To není ani o ekologii, ale o ekonomice. Nic proti vlakům, ale kromě transportu záklandích komodit nemá už z hlediska dopravy železnice nárok. Většina nákladních terminálů se proměnila na bownfieldy nebo už rovnou zastavěla. Stavět nové jě velmi draho a upřímně není ani kde je stavět (chybí napojení na už tak trstní silniční infrastrukturu). A upřímně firma potřebuje logistické zabezpečení just-in-time a jestli se bude zboží ještě 2x překládat na/z vlaku vyjde to stejně dráž než kamion. Bohužel doba velkých továren, které měly vlastní vlečku na nejbližší nádraží je pryč a logistické megaareály u velkých měst nemají v drtivé míře možnost se na solidní kapacitní kooej vůbec připojit.",
    "claims": [
      {
        "id": 0,
        "claim": "Text je o ekonomice, ne o ekologii.",
        "checkworthy": true,
        "checkworthy_reason": "Výrok obsahuje ověřitelné faktické informace o tématu textu, což lze ověřit analýzou obsahu textu.",
        "origin_text": "To není ani o ekologii, ale o ekonomice.",
        "start": 0,
        "end": 40
      },
      {
        "id": 3,
        "claim": "Chybí místa pro stavbu nových nákladových terminálů kvůli nedostatku infrastruktury.",
        "checkworthy": true,
        "checkworthy_reason": "Toto obsahuje ověřitelné faktické prvky týkající se dostupnosti půdy a stavu infrastruktury.",
        "origin_text": "Stavět nové jě velmi draho a upřímně není ani kde je stavět (chybí napojení na už tak trstní silniční infrastrukturu).",
        "start": 225,
        "end": 343
      },
      {
        "id": 5,
        "claim": "Překládání zboží na a ze vlaků je dražší než přeprava kamionem.",
        "checkworthy": true,
        "checkworthy_reason": "Toto tvrzení obsahuje faktický prvek o nákladech, které lze ověřit porovnáním provozních nákladů.",
        "origin_text": "a jestli se bude zboží ještě 2x překládat na/z vlaku vyjde to stejně dráž než kamion.",
        "start": 406,
        "end": 491
      },
      {
        "id": 7,
        "claim": "Logistické megaareály u velkých měst mají omezený přístup k solidní kapacitní koordinaci.",
        "checkworthy": true,
        "checkworthy_reason": "Toto tvrzení obsahuje faktický prvek týkající se logistiky a infrastruktury, které lze ověřit analýzou městských zdrojů.",
        "origin_text": "a logistické megaareály u velkých měst nemají v drtivé míře možnost se na solidní kapacitní kooej vůbec připojit.",
        "start": 577,
        "end": 690
      }
    ]
  },
  {
    "source": "To, proč někdo vlastní auto, je čiště jeho věc a to, že bydlí (v širším) centru města, absolutně neznamená, že ho nepotřebuje... Ale chápu, že hipsteři a podobní aktivisti, co jim stačí batůžek nebo makaj někde v Partnerství, tak ti mají času dost a můžou ho ztrácet třeba i \"ekologickou\" dopravou. Akorát pak jsou neskutečně otravní, když potřebují někam za město a zrovna to neleží na koridoru...",
    "claims": []
  },
  {
    "source": "V Australii zije ex-pat samoanska komunita a v australske NRL (ragbyova liga) hraje spousta Samoanu. Jeste zadne sve protivniky nesnedli.",
    "claims": [
      {
        "id": 1,
        "claim": "V australské NRL hraje mnoho samoanů.",
        "checkworthy": true,
        "checkworthy_reason": "Tento výrok tvrdí, že mnoho hráčů NRL je samoanského původu, což lze ověřit pomocí seznamů hráčů a jejich etnických pozadí.",
        "origin_text": "a v australske NRL (ragbyova liga) hraje spousta Samoanu.",
        "start": 43,
        "end": 100
      }
    ]
  },
  {
    "source": "V monopolu nemate moznost volby a o to jde",
    "claims": []
  },
  {
    "source": "V roce 2013, tedy před osmi lety, se auta s normou EURO 6 nevyráběla. Ano, motory se v základu nezměnily a 2.0 TDI pak po roce 2015 splňoval iEURO 6, ale k jistým malým úpravám tam došlo. V techničáku máte určitě uvedeno EURO 5.Nicméně, stát nemůže zakázat provoz něčeho, co odsouhlasil, že vyhovuje. Jinak riskuje soudy o odškodnění. A šrotovat téměr nová auta je zhovadilost.",
    "claims": [
      {
        "id": 0,
        "claim": "V roce 2013 se auta s normou EURO 6 nevyráběla.",
        "checkworthy": true,
        "checkworthy_reason": "Toto tvrzení obsahuje ověřitelné historické informace o výrobním kalendáři auta s normou EURO 6.",
        "origin_text": "V roce 2013, tedy před osmi lety, se auta s normou EURO 6 nevyráběla.",
        "start": 0,
        "end": 69
      },
      {
        "id": 2,
        "claim": "2.0 TDI po roce 2015 splňoval iEURO 6 normu.",
        "checkworthy": true,
        "checkworthy_reason": "Toto tvrzení obsahuje specifické informace o modelu motoru a jeho souladu s environmentálními standardy.",
        "origin_text": "a 2.0 TDI pak po roce 2015 splňoval iEURO 6",
        "start": 105,
        "end": 148
      },
      {
        "id": 4,
        "claim": "Technická kniha auta uvede EURO 5 jako normu.",
        "checkworthy": true,
        "checkworthy_reason": "Toto tvrzení obsahuje ověřitelnou informaci o typu dokumentace v technické knize, což je fakticky prověrovatelné.",
        "origin_text": "V techničáku máte určitě uvedeno EURO 5.",
        "start": 188,
        "end": 228
      },
      {
        "id": 5,
        "claim": "Stát nemůže zakázat provoz odsouhlasených vozidel.",
        "checkworthy": true,
        "checkworthy_reason": "Toto tvrzení se týká právních a ústavních principů, které lze ověřit prostřednictvím zákonů nebo soudních precedentů.",
        "origin_text": "icméně, stát nemůže zakázat provoz něčeho, co odsouhlasil, že vyhovuje.",
        "start": 229,
        "end": 300
      },
      {
        "id": 6,
        "claim": "Zakázání může vést ke soudním žalobám na odškodnění.",
        "checkworthy": true,
        "checkworthy_reason": "Toto tvrzení předpovídá možné právní důsledky, což lze ověřit v kontextu precedentů a právních postupů.",
        "origin_text": "Jinak riskuje soudy o odškodnění.",
        "start": 301,
        "end": 334
      }
    ]
  },
  {
    "source": "Vetsinou to funguje tak ze Vas pruvodce je Torajan, ktery ma pristup. Oni smrt vidi jinak nez my a je to pro ne duvod k oslave neboztika. Na pohrbu ktereho jsme se zucastnili byli stovky lidi, vsichni byli velice pratelsti a brali nas spis jako hosty nez turisty. Jestli jim ten pruvodce neco da za to ze se muzete ucastnit to nevim, ale najmout si pruvodce na 3 dny nebylo vubec drahy. Uz si presne nepamatuji, je to 10 let. Nas rozhodne nikdo “nezkasiroval” stranou.",
    "claims": [
      {
        "id": 2,
        "claim": "Na hřbitově se zúčastnili stovky lidí.",
        "checkworthy": true,
        "checkworthy_reason": "Výrok obsahuje kvantifikovatelnou informaci, která by mohla být ověřena prostřednictvím svědek nebo dokumentace události.",
        "origin_text": "Na pohrbu ktereho jsme se zucastnili byli stovky lidi,",
        "start": 138,
        "end": 192
      },
      {
        "id": 6,
        "claim": "Druhý pohřeb byl 10 let zpět.",
        "checkworthy": true,
        "checkworthy_reason": "Výrok obsahuje datovou informaci, která lze ověřit ve vztahu k aktuálnímu roce.",
        "origin_text": "Uz si presne nepamatuji, je to 10 let.",
        "start": 387,
        "end": 425
      }
    ]
  },
  {
    "source": "Ze skamenelych kosti moc genetickeho materialu nevyskrabete.",
    "claims": [
      {
        "id": 0,
        "claim": "Ze skamenělé kosti není možné vyskrábat mnoho genetického materiálu.",
        "checkworthy": true,
        "checkworthy_reason": "Tento výrok tvrdí faktickou informaci o genetickém materiálu získatelném ze skaleněných pozůstatků, což lze ověřit pomocí biologické a archeologické literatury.",
        "origin_text": "Ze skamenelych kosti moc genetickeho materialu nevyskrabete.",
        "start": 0,
        "end": 60
      }
    ]
  },
  {
    "source": "genetický materiál nebude až tak problém, existuje hodně zmrzlých mamutích pozustatků ...navíc genom mamuta je celkem dobře zdokumentovaný, před pár lety jsem dokonce četl studii že by mohl mládě mamuta odnosit slon.",
    "claims": [
      {
        "id": 1,
        "claim": "Existuje hodně zmrzlých pozůstatků mamutích.",
        "checkworthy": true,
        "checkworthy_reason": "To je faktická tvrzení o počtu a stavu biologických artefaktů, což lze ověřit prostřednictvím vědeckých zdrojů.",
        "origin_text": "existuje hodně zmrzlých mamutích pozustatků ...",
        "start": 42,
        "end": 89
      },
      {
        "id": 2,
        "claim": "Genom mamuta je celkem dobře zdokumentovaný.",
        "checkworthy": true,
        "checkworthy_reason": "Výrok tvrdí fakt o stavu znalostí, který lze prověřit pomocí dostupných vědeckých publikací a dat.",
        "origin_text": "avíc genom mamuta je celkem dobře zdokumentovaný,",
        "start": 90,
        "end": 139
      },
      {
        "id": 3,
        "claim": "Byla studie, že mládě mamuta by mohlo odnést slona.",
        "checkworthy": true,
        "checkworthy_reason": "Tvrzení o existenci studie je ověřitelné prostřednictvím vědeckých časopisů nebo zveřejněných výzkumných zpráv.",
        "origin_text": "před pár lety jsem dokonce četl studii že by mohl mládě mamuta odnosit slon.",
        "start": 140,
        "end": 216
      }
    ]
  },
  {
    "source": "mýto je ve většině okolních zemích. Jen u nás je to pijavice. Kapsch firma se stoletou tradicí. Asi většina kritizujících jsou samaritání co pracují zadarmo. Stát vybírá na mýtném přes 10 mld ročně. To je hezký příjem do rozpočtu. Tyto peníze měly jít na výstavbu dálnic a modernizaci. Ale bohužel šly na koblihy. To samé EET. Babiš hlásal kolik mld. se vybere navíc. Za to postavíme školy, nemocnice... Neví někdo náhodou o takové stavbě...",
    "claims": []
  },
  {
    "source": "na internetu je asi milion návodů jak cvičit doma nebo v okolí domu s vlastní vahou a jednoduchými dostupnými pomůckami. Ale stejně to tady vypadá, že obezita se u nás poprvé objevila až s uzavírkou okresů",
    "claims": [
      {
        "id": 0,
        "claim": "Na internetu je asi milion návodů.",
        "checkworthy": true,
        "checkworthy_reason": "Výrok obsahuje ověřitelné tvrzení, ačkoliv přibližné, o počtu dostupných návodů na internetu.",
        "origin_text": "na internetu je asi milion návodů",
        "start": 0,
        "end": 33
      },
      {
        "id": 3,
        "claim": "Obezita se u nás poprvé objevila po uzavírkách okresů.",
        "checkworthy": true,
        "checkworthy_reason": "Výrok obsahuje faktickou historii nebo časování vzniku obezity ve vztahu k událostem, které lze ověřit daty o uzavírkách.",
        "origin_text": "Ale stejně to tady vypadá, že obezita se u nás poprvé objevila až s uzavírkou okresů",
        "start": 121,
        "end": 205
      }
    ]
  },
  {
    "source": "take me to zarazilo, protoze typicka hudba zdejsi a novozelandske ex-pat samoanske komunity je typicky tichomorska (bubny, ukulele, kytary).Reggae je znama hudba Afro-jamajcanu , tedy uplne jiny ocean!Trochu jsem si zagoogloval. Podarilo se mi zjistit, ze na Samou se pres nedalekou Americkou Samou (soucast zamorskych teritorii USA) v novejsi dobe dostala \"havajska verze reggae\" a zpopularizovala tam, ale neprekonala puvodni tichomorskou hudebni kulturu.",
    "claims": [
      {
        "id": 0,
        "claim": "Typická hudba na Novém Zélandu a samoanské komunity ex-pat je typicky tichomořská.",
        "checkworthy": true,
        "checkworthy_reason": "Výrok tvrdí faktickou asociaci mezi hudebním žánrem a geografickými oblastmi, což může být ověřeno prostřednictvím kulturních studií nebo referencí.",
        "origin_text": "take me to zarazilo, protoze typicka hudba zdejsi a novozelandske ex-pat samoanske komunity je typicky tichomorska (bubny, ukulele, kytary).",
        "start": 0,
        "end": 140
      },
      {
        "id": 1,
        "claim": "Tichomořská hudba zahrnuje bubny, ukulele a kytary.",
        "checkworthy": true,
        "checkworthy_reason": "Výrok obsahuje faktické informace o nástrojích typicky používaných v tichomořské hudební tradici.",
        "origin_text": "",
        "start": 140,
        "end": 140
      },
      {
        "id": 2,
        "claim": "Reggae je známá hudba afro-jamajcanská.",
        "checkworthy": true,
        "checkworthy_reason": "Výrok poskytuje ověřitelnou informaci o původu a kulturním zázemí reggae hudby.",
        "origin_text": "eggae je znama hudba Afro-jamajcanu , tedy uplne jiny ocean!",
        "start": 141,
        "end": 201
      },
      {
        "id": 6,
        "claim": "Samou je nedaleko Americké Samoa, což je součást zamorských teritorií USA.",
        "checkworthy": true,
        "checkworthy_reason": "Výrok obsahuje geografické a správní informace o poloze Samou a jejich vztahu k Americké Samoa, což lze ověřit prostřednictvím spolehlivých zdrojů.",
        "origin_text": "",
        "start": 333,
        "end": 333
      }
    ]
  },
  {
    "source": "Šimpanzi používají na sousední tlupy odstrašující metody - pořádají výpravy na zatoulané jedince, které mrzačí, ale nezabíjejí: jen ať se postižený doplazí ke svým a vyděsí je. Každý přírodní druh jde až na hranici toho, co dokáže vymyslet. Co vymyslet nedokáže, to nedělá. Není to tak, že by něco mohl, ale řekl si \"ne ne, to je ošklivé, to dělat nebudeme\". Lidé nejsou zlejší, jen toho dokáží víc vymyslet.",
    "claims": [
      {
        "id": 0,
        "claim": "Šimpanzi používají odstrašující metody na sousední tlupy.",
        "checkworthy": true,
        "checkworthy_reason": "Toto tvrzení obsahuje ověřitelné faktické informace, protože lze zkoumat chování šimpanse v přirozeném prostředí nebo prostřednictvím etologických studií.",
        "origin_text": "Šimpanzi používají na sousední tlupy odstrašující metody -",
        "start": 0,
        "end": 58
      },
      {
        "id": 1,
        "claim": "Šimpanzi pořádají výpravy na zatoulané jedince.",
        "checkworthy": true,
        "checkworthy_reason": "Toto tvrzení může být ověřeno přezkoumáním literatury o chování šimpanse a zaznamenaných studií, které popisují podobné situace.",
        "origin_text": "pořádají výpravy na zatoulané jedince, které",
        "start": 59,
        "end": 103
      },
      {
        "id": 2,
        "claim": "Šimpanzi mrzačí, ale nezabíjejí zatoulané jedince.",
        "checkworthy": true,
        "checkworthy_reason": "Toto tvrzení lze ověřit přezkoumáním etologických studií zaměřených na chování šimpanse vůči zajatým jedincům.",
        "origin_text": "mrzačí, ale nezabíjejí:",
        "start": 104,
        "end": 127
      }
    ]
  }
]