[
  {
    "source": "... pokud chci mit data v bezpeci, tak jedine je mit sifrovana a na Linuxu.",
    "claims": [
      {
        "id": 1,
        "claim": "Linux je systém použitý pro bezpečnost data.",
        "checkworthy": true,
        "checkworthy_reason": "Výrok obsahuje ověřitelné faktické informace, protože Linux může být skutečně používán pro zajištění bezpečnosti dat a to lze ověřit příklady nebo použitím.",
        "origin_text": "a na Linuxu.",
        "start": 63,
        "end": 75
      }
    ]
  },
  {
    "source": "A kde je zmínka o antivirotikách typu Isoprinosin a Ivermectin?",
    "claims": [
      {
        "id": 1,
        "claim": "Isoprinosin je typ antivirotika.",
        "checkworthy": true,
        "checkworthy_reason": "Toto tvrzení obsahuje faktické informace o chemickém přípravku isoprinosin, který lze ověřit v kontextu lékařských záznamů a odborných publikací.",
        "origin_text": "typu Isoprinosin",
        "start": 33,
        "end": 49
      },
      {
        "id": 2,
        "claim": "Ivermectin je typ antivirotika.",
        "checkworthy": true,
        "checkworthy_reason": "Toto tvrzení uvádí informaci o chemickém přípravku ivermectin, který lze ověřit v kontextu lékařských záznamů a studií.",
        "origin_text": "a Ivermectin?",
        "start": 50,
        "end": 63
      }
    ]
  },
  {
    "source": "A myslíte, že v Linuxu není jen na okrasu? Jakmile máte fyzický přístup k počítači, tak jde nastavit rootovské heslo také. Proto se servery zamykají.",
    "claims": [
      {
        "id": 0,
        "claim": "Linux umožňuje nastavit rootovské heslo s fyzickým přístupem k počítači.",
        "checkworthy": true,
        "checkworthy_reason": "Výrok obsahuje ověřitelnou informaci o tom, že Linux nabízí možnost nastavení rootovského hesla, což lze prokázat technickými dokumenty nebo manuály.",
        "origin_text": "A myslíte, že v Linuxu není jen na okrasu? Jakmile máte fyzický přístup k počítači, tak jde nastavit rootovské heslo také.",
        "start": 0,
        "end": 122
      }
    ]
  },
  {
    "source": "A peníze na ty dotace si tisknou? Dotace na elektromobilitu fungují jen dokud je elektromobilita minoritní záležitostí.",
    "claims": [
      {
        "id": 0,
        "claim": "Dotace na elektromobilitu jsou financovány.",
        "checkworthy": true,
        "checkworthy_reason": "Výrok obsahuje ověřitelné faktické informace týkající se financování dotací, které lze zkontrolovat prostřednictvím oficiálních vládních dokumentů nebo zpráv.",
        "origin_text": "A peníze na ty dotace si tisknou?",
        "start": 0,
        "end": 33
      }
    ]
  },
  {
    "source": "A zapomněli jste na variantu, že je disk šifrovaný Bitlockerem a vy nevíte heslo. To už takhle jednoduše nejde. Proto je ve většině firemních politik vyžadováno šifrování disku.",
    "claims": [
      {
        "id": 0,
        "claim": "Disk může být šifrovaný Bitlockerem.",
        "checkworthy": true,
        "checkworthy_reason": "Výrok obsahuje faktické informace o technologii Bitlocker, která je známá jako systém pro šifrování disků.",
        "origin_text": "A zapomněli jste na variantu, že je disk šifrovaný Bitlockerem",
        "start": 0,
        "end": 62
      },
      {
        "id": 2,
        "claim": "Nelze jednoduše přístupovat k šifrovanému disku bez hesla.",
        "checkworthy": true,
        "checkworthy_reason": "Výrok obsahuje faktickou informaci o tom, že přístup ke šifrovanému disku obvykle vyžaduje základní autentizaci, jako je heslo.",
        "origin_text": "To už takhle jednoduše nejde.",
        "start": 82,
        "end": 111
      },
      {
        "id": 3,
        "claim": "Firemní politiky často vyžadují, aby disky byly šifrovány.",
        "checkworthy": true,
        "checkworthy_reason": "Výrok obsahuje faktické informace o firemních praxích a bezpečnostních opatřeních týkajících se šifrování disků.",
        "origin_text": "Proto je ve většině firemních politik vyžadováno šifrování disku.",
        "start": 112,
        "end": 177
      }
    ]
  },
  {
    "source": "Ale kecy, EURO 6 platí od 1.1.2015, to znamená, že 5 let staré auto musí splňovat EURO 6",
    "claims": [
      {
        "id": 0,
        "claim": "EURO 6 norma platí od 1. ledna 2015.",
        "checkworthy": true,
        "checkworthy_reason": "Výrok obsahuje konkrétní datum a faktickou informaci týkající se vstupu do platnosti EURO 6 normy, což může být ověřeno legislativními dokumenty nebo spolehlivými zdroji.",
        "origin_text": "Ale kecy, EURO 6 platí od 1.1.2015,",
        "start": 0,
        "end": 35
      },
      {
        "id": 1,
        "claim": "Pětileté auta musí splňovat normu EURO 6.",
        "checkworthy": true,
        "checkworthy_reason": "Výrok obsahuje faktickou informaci o regulacích týkajících se věku automobilů a platných emisních standardů, což lze ověřit zákonodárstvím nebo regulačními směrnicemi.",
        "origin_text": "to znamená, že 5 let staré auto musí splňovat EURO 6",
        "start": 36,
        "end": 88
      }
    ]
  },
  {
    "source": "Ani prihlasovani pomoci uctu Microsoftu neni extra bezpecny, stale plati, ze si taky mohu povolit ucet Administrator a pres nej se k souborum uzivatelu dostat, proto pokud chci mit data v bezpeci, tak jedine je mit sifrovana.",
    "claims": [
      {
        "id": 0,
        "claim": "Stále platí, že můžete povolit účet Administrator.",
        "checkworthy": true,
        "checkworthy_reason": "Výrok tvrdí faktickou možnost související s přístupem a nastavením systému nebo programu, která lze ověřit.",
        "origin_text": "Ani prihlasovani pomoci uctu Microsoftu neni extra bezpecny, stale plati, ze si taky mohu povolit ucet Administrator",
        "start": 0,
        "end": 116
      },
      {
        "id": 1,
        "claim": "Můžete se přes účet Administrator dostat k souborům uživatele.",
        "checkworthy": true,
        "checkworthy_reason": "Toto tvrdení se týká specifických schopností systémového nastavení, které lze ověřit.",
        "origin_text": "a pres nej se k souborum uzivatelu dostat,",
        "start": 117,
        "end": 159
      }
    ]
  },
  {
    "source": "Ano, to samozřejmě lze. Ale pokud by na silnicích zůstala převážně osobní doprava, tak údržba bude stát 5-10% toho, co dnes.",
    "claims": [
      {
        "id": 1,
        "claim": "Osobní doprava zůstává na silnicích.",
        "checkworthy": true,
        "checkworthy_reason": "Toto tvrzení obsahuje ověřitelné faktické informace o tom, jak jsou silnice používány pro osobní dopravu.",
        "origin_text": "",
        "start": 81,
        "end": 81
      }
    ]
  },
  {
    "source": "BTW: většina obětí Španělské chřipky zahynula právě na extrémně silnou reakci imunitního systému. Kdyby tehdy lidstvo znalo kortikoidy a byly dostupné, tak by oběti Španělské chřipky byly výrazně nižší.",
    "claims": [
      {
        "id": 0,
        "claim": "Většina obětí Španělské chřipky zahynula na extrémně silnou reakci imunitního systému.",
        "checkworthy": true,
        "checkworthy_reason": "Toto tvrzení obsahuje faktickou hypotézu o příčině úmrtí během pandemie Španělské chřipky, která lze prověřit prostřednictvím lékařských a historických zdrojů.",
        "origin_text": "BTW: většina obětí Španělské chřipky zahynula právě na extrémně silnou reakci imunitního systému.",
        "start": 0,
        "end": 97
      },
      {
        "id": 1,
        "claim": "Lidstvo tehdy neznalo kortikoidy.",
        "checkworthy": true,
        "checkworthy_reason": "Toto tvrzení obsahuje faktickou informaci o stavu vědeckého poznání týkající se kortikoidů během doby pandemie Španělské chřipky, což lze ověřit historicky.",
        "origin_text": "Kdyby tehdy lidstvo znalo kortikoidy",
        "start": 98,
        "end": 134
      },
      {
        "id": 2,
        "claim": "Kortikoidy byly nedostupné během Španělské chřipky.",
        "checkworthy": true,
        "checkworthy_reason": "Toto tvrzení se týká dostupnosti lékařských léků, která lze ověřit historickou dokumentací nebo vědeckými zdroji.",
        "origin_text": "",
        "start": 0,
        "end": 0
      }
    ]
  },
  {
    "source": "Brzdy a pneumatiky vypustí více pevných částic.",
    "claims": [
      {
        "id": 0,
        "claim": "Pneumatiky vypouštějí pevné částice.",
        "checkworthy": true,
        "checkworthy_reason": "Výrok obsahuje tvrzení, které lze ověřit prostřednictvím analýz odpadních látek generovaných pneumatikami během jejich opotřebení.",
        "origin_text": "Brzdy a pneumatiky vypustí více pevných částic.",
        "start": 0,
        "end": 47
      }
    ]
  },
  {
    "source": "Btw ta provozní teplota je kvůli poškození motoru. Oni ho tam vytáčí na maximální otáčky, udělejte to v zimě se studeným a možná tam zůstane nadobro...",
    "claims": [
      {
        "id": 0,
        "claim": "Provázi teplota je kvůli poškození motoru.",
        "checkworthy": true,
        "checkworthy_reason": "Výrok obsahuje tvrzení o příčinném vztahu mezi stavem motoru a jeho teplotou, což může být ověřeno diagnostikou.",
        "origin_text": "Btw ta provozní teplota je kvůli poškození motoru.",
        "start": 0,
        "end": 50
      },
      {
        "id": 1,
        "claim": "Motor je vytáčen na maximální otáčky.",
        "checkworthy": true,
        "checkworthy_reason": "Tvrzení o tom, že motor pracuje na maximálních otáčkách, je faktické a lze to ověřit měřením.",
        "origin_text": "Oni ho tam vytáčí na maximální otáčky,",
        "start": 51,
        "end": 89
      },
      {
        "id": 2,
        "claim": "Toto může způsobit, že motor zůstane nadobro po provozu v zimě se studeným.",
        "checkworthy": true,
        "checkworthy_reason": "Tvrzení o možném mechanickém poškození motoru je založeno na faktických principy, které lze potvrdit nebo vyvrátit.",
        "origin_text": "udělejte to v zimě se studeným a možná tam zůstane nadobro...",
        "start": 90,
        "end": 151
      }
    ]
  },
  {
    "source": "Cena je teda dost sebevedoma, na druhou stranu mensi Peugeot 3008 hybrid stoji 1,2 mega...",
    "claims": [
      {
        "id": 1,
        "claim": "Peugeot 3008 hybrid stojí 1,2 milionu korun.",
        "checkworthy": true,
        "checkworthy_reason": "Výrok obsahuje konkrétní a faktickou tvrzení o ceně modelu automobilu, která lze ověřit pomocí spolehlivých zdrojů nebo databází.",
        "origin_text": "na druhou stranu mensi Peugeot 3008 hybrid stoji 1,2 mega...",
        "start": 30,
        "end": 90
      }
    ]
  },
  {
    "source": "Corona způsobila jeden zajímavý jev. Lidé se začali více vyhýbat MHD a dost lidí si koupilo do rodiny další vůz pro dojíždění do práce právě místo využití MHD ... a většinou to byla starší, levná vozidla odpovídající starším normám ... tedy produkující více emisí. Taky už EU dumá nad tím, jak omezit prodej ojetin.",
    "claims": [
      {
        "id": 1,
        "claim": "Lidé se začali více vyhýbat městské hromadné dopravě.",
        "checkworthy": true,
        "checkworthy_reason": "Výrok tvrdí specifickou změnu chování, která by mohla být analyzována pomocí dat o používání hromadné dopravy.",
        "origin_text": "Lidé se začali více vyhýbat MHD",
        "start": 37,
        "end": 68
      },
      {
        "id": 2,
        "claim": "Dost lidí si koupilo do rodiny další vozidlo pro dojíždění do práce místo využití městské hromadné dopravy.",
        "checkworthy": true,
        "checkworthy_reason": "Výrok obsahuje konkrétní tvrzení o chování nákupu, které lze ověřit pomocí tržeb z automobilů nebo průzkumů.",
        "origin_text": "a dost lidí si koupilo do rodiny další vůz pro dojíždění do práce",
        "start": 69,
        "end": 134
      },
      {
        "id": 3,
        "claim": "Většina nových vozidel byla starší, levná vozidla odpovídající starším normám.",
        "checkworthy": true,
        "checkworthy_reason": "Toto tvrzení lze ověřit analýzou dat o typu prodaných vozidlech a regulací.",
        "origin_text": "právě místo využití MHD ... a většinou to byla starší, levná vozidla",
        "start": 135,
        "end": 203
      },
      {
        "id": 4,
        "claim": "Starší, levná vozidla produkují více emisí.",
        "checkworthy": true,
        "checkworthy_reason": "Výrok obsahuje faktické informace, které mohou být ověřeny referencemi k technickým specifikacím a testům na emise.",
        "origin_text": "odpovídající starším normám ... tedy produkující více emisí.",
        "start": 204,
        "end": 264
      },
      {
        "id": 5,
        "claim": "Evropská unie důsledně přemýšlí nad omezením prodeje ojetin.",
        "checkworthy": true,
        "checkworthy_reason": "Toto tvrzení obsahuje faktickou informaci, která lze ověřit prostřednictvím zveřejněných politik nebo komunikací EU.",
        "origin_text": "Taky už EU dumá nad tím, jak omezit prodej ojetin.",
        "start": 265,
        "end": 315
      }
    ]
  },
  {
    "source": "Evropa se zbláznila, postihovat auta, která vypouští nula nula nic zplodin je nesmysl. Pokud EU nemá jž dopředu vybrané levné, smysluplné a ekologické palivo, pak opravdu nechápu proč ničí to, co léta budovalo. Po létech evropského blahobytu nás zřejmě čekají léta strádání, hloupostí. Jen aby to Evropu nepoložilo!",
    "claims": [
      {
        "id": 0,
        "claim": "Evropa postihuje auta s výstupem nula nul.",
        "checkworthy": true,
        "checkworthy_reason": "Výrok obsahuje ověřitelné faktické informace o politice EU týkající se automobilů s výstupem CO2 nulovým, která lze ověřit prostřednictvím legislativních dokumentů.",
        "origin_text": "Evropa se zbláznila, postihovat auta, která vypouští nula nula nic zplodin je nesmysl.",
        "start": 0,
        "end": 86
      },
      {
        "id": 3,
        "claim": "Evropa prošla lety blahobytu.",
        "checkworthy": true,
        "checkworthy_reason": "Toto tvrzení zahrnuje faktické prvky o historii ekonomického a sociálního rozvoje v Evropě, které lze ověřit prostřednictvím statistik a historických záznamů.",
        "origin_text": "Po létech evropského blahobytu",
        "start": 211,
        "end": 241
      }
    ]
  },
  {
    "source": "Filtr pevnych castic nezachyti oxidy dusiku nebo jine zplodiny.",
    "claims": [
      {
        "id": 0,
        "claim": "Filtr pevných částic nechytí oxidy dusíku.",
        "checkworthy": true,
        "checkworthy_reason": "Výrok tvrdí faktickou informaci o schopnosti filtru pevných částic, která lze ověřit prostřednictvím environmentálních a inženýrských studií.",
        "origin_text": "Filtr pevnych castic nezachyti oxidy dusiku",
        "start": 0,
        "end": 43
      }
    ]
  },
  {
    "source": "Heslo ve Windows je totiž jen na okrasu.",
    "claims": [
      {
        "id": 0,
        "claim": "Heslo ve Windows je pouze pro zobrazení.",
        "checkworthy": true,
        "checkworthy_reason": "Výrok obsahuje tvrzení o funkci hesla ve Windows, které lze ověřit prostřednictvím technických dokumentů nebo spolehlivých zdrojů týkajících se operačního systému Windows.",
        "origin_text": "Heslo ve Windows je totiž jen na okrasu.",
        "start": 0,
        "end": 40
      }
    ]
  },
  {
    "source": "Isoprinosine není antivirotikum - svým mechanismem účinku. I když se u viróz používá, to ano. Nicméně já jsem prodělala extrémně těžký COVID a myslím, že Isoprinosine mi byl spíše na škodu. Věřím, že může být užitečný u lehčích průběhů a spíše na začátku onemocnění.",
    "claims": [
      {
        "id": 0,
        "claim": "Isoprinosine není antivirotikum svým mechanismem účinku.",
        "checkworthy": true,
        "checkworthy_reason": "Výrok tvrdí faktickou podobu o Isoprinosinu, což lze ověřit na základě vědeckých publikací a odborné literatury.",
        "origin_text": "Isoprinosine není antivirotikum - svým mechanismem účinku.",
        "start": 0,
        "end": 58
      },
      {
        "id": 1,
        "claim": "Se Isoprinosinem se u viróz používá.",
        "checkworthy": true,
        "checkworthy_reason": "Výrok obsahuje tvrzení o lékařském použití, které lze ověřit na základě lékařských předpisů a výzkumných studií.",
        "origin_text": "I když se u viróz používá, to ano.",
        "start": 59,
        "end": 93
      },
      {
        "id": 4,
        "claim": "Isoprinosine může být užitečný u lehčích průběhů.",
        "checkworthy": true,
        "checkworthy_reason": "Výrok obsahuje faktickou tvrzení o potenciálním lékařském použití, které lze ověřit na základě výzkumných studií.",
        "origin_text": "Věřím, že může být užitečný u lehčích průběhů",
        "start": 190,
        "end": 235
      },
      {
        "id": 5,
        "claim": "Isoprinosine může být užitečný na začátku onemocnění.",
        "checkworthy": true,
        "checkworthy_reason": "Výrok obsahuje faktickou tvrzení o časovém předpisu léčby, které lze ověřit v kontextu lékařských studií.",
        "origin_text": "a spíše na začátku onemocnění.",
        "start": 236,
        "end": 266
      }
    ]
  },
  {
    "source": "Isoprinosine posiluje imunitu, pokud máte těžký průběh tak je to způsobeno vesměs přehnanou imunitní reakcí a musíte naopak brát kortikoidy, které imunitní reakci zeslabí.Kámoš měl také velmi těžký průběh a po kortikoidech byl za pár dní celkem fit.",
    "claims": [
      {
        "id": 0,
        "claim": "Isoprinosine posiluje imunitu.",
        "checkworthy": true,
        "checkworthy_reason": "Výrok obsahuje faktické tvrzení o účinku léku, které lze ověřit prostřednictvím vědeckých studií a zpráv.",
        "origin_text": "Isoprinosine posiluje imunitu,",
        "start": 0,
        "end": 30
      },
      {
        "id": 1,
        "claim": "Těžký průběh je způsoben přehnanou imunitní reakcí.",
        "checkworthy": true,
        "checkworthy_reason": "Výrok obsahuje tvrzení o patofyziologii, které lze ověřit prostřednictvím medicínských studií a výzkumných zpráv.",
        "origin_text": "pokud máte těžký průběh tak je to způsobeno vesměs přehnanou imunitní reakcí",
        "start": 31,
        "end": 107
      },
      {
        "id": 2,
        "claim": "Potřebujete kortikoidy k zeslabení imunitní reakce.",
        "checkworthy": true,
        "checkworthy_reason": "Tvrzení o léčivé úloze může být ověřeno pomocí medicínských pokynů a farmakologických studií.",
        "origin_text": "a musíte naopak brát kortikoidy, které imunitní reakci zeslabí.",
        "start": 108,
        "end": 171
      }
    ]
  },
  {
    "source": "Jakože zvířata jiný zvířata nemučí? Viděl jste někdy třeba kosatky na lovu? Samozřejmě si k tomu nevyrábí nástroje, ovšem vynalézavý jsou až až.",
    "claims": [
      {
        "id": 0,
        "claim": "Zvířata jiná zvířata mohou mučit.",
        "checkworthy": true,
        "checkworthy_reason": "Výrok obsahuje faktickou hypotézu o chování zvířat, která lze prověřit studiemi o interakcích mezi druhy.",
        "origin_text": "Jakože zvířata jiný zvířata nemučí?",
        "start": 0,
        "end": 35
      },
      {
        "id": 1,
        "claim": "Kosatky se účastní lovů.",
        "checkworthy": true,
        "checkworthy_reason": "Výrok tvrdí ověřitelnou informaci o chování kosatek, což může být potvrzeno etologií a studiemi zvířat.",
        "origin_text": "Viděl jste někdy třeba kosatky na lovu?",
        "start": 36,
        "end": 75
      },
      {
        "id": 2,
        "claim": "Kosatky nevyrobuje nástroje pro lovení.",
        "checkworthy": true,
        "checkworthy_reason": "Výrok tvrdí faktickou informaci o chování kosatek, která může být ověřena etologií a pozorováním.",
        "origin_text": "Samozřejmě si k tomu nevyrábí nástroje,",
        "start": 76,
        "end": 115
      }
    ]
  },
  {
    "source": "Jasně a všechna běžná auta s cenou kolem 500tis. se vyrábí výhradně pro východní Evropu, se proberte.",
    "claims": []
  },
  {
    "source": "Je to vse o nějaké volbě. Já učinil tuhle, auto nepotrebuju, vláda by měla činit kroky aby nám to zjednodušilu, třeba stavěli cyklostezky ve městech, takto jdou miliardy na předražené dalnice pro pár vyvolených",
    "claims": [
      {
        "id": 0,
        "claim": "Autor uvedl, že nepotřebuje auto.",
        "checkworthy": true,
        "checkworthy_reason": "Toto tvrzení obsahuje faktickou podstatu o názorech autora, která může být ověřena prostřednictvím textu nebo citátu.",
        "origin_text": "Je to vse o nějaké volbě. Já učinil tuhle, auto nepotrebuju,",
        "start": 0,
        "end": 60
      },
      {
        "id": 1,
        "claim": "Stavba cyklostezek ve městech je navržena jako řešení.",
        "checkworthy": true,
        "checkworthy_reason": "Výrok obsahuje tvrzení o politice nebo plánu, což jsou faktické prvky ověřitelné prostřednictvím zdrojů nebo dokumentace.",
        "origin_text": "vláda by měla činit kroky aby nám to zjednodušilu, třeba stavěli cyklostezky ve městech,",
        "start": 61,
        "end": 149
      },
      {
        "id": 2,
        "claim": "Finanční prostředky jdou na předražené dalnice.",
        "checkworthy": true,
        "checkworthy_reason": "Toto tvrzení obsahuje obecný faktický odkaz na alokaci finančních prostředků, která mohou být ověřena veřejnými záznamy nebo hlášeními.",
        "origin_text": "takto jdou miliardy na předražené dalnice",
        "start": 150,
        "end": 191
      }
    ]
  },
  {
    "source": "Jen k upřesnění. V Evropě se dobytek samozřejmě nezabíjí elektrickým proudem. Tím se jen omráčí aby ve chvíli podřezání nebyl při vědomí.",
    "claims": [
      {
        "id": 0,
        "claim": "Dobytek v Evropě se nezabíjí elektrickým proudem.",
        "checkworthy": true,
        "checkworthy_reason": "Výrok tvrdí faktickou praxi týkající se způsobu zabíjení dobytka, což lze ověřit prostřednictvím legislativních dokumentů a standardů.",
        "origin_text": "Jen k upřesnění. V Evropě se dobytek samozřejmě nezabíjí elektrickým proudem.",
        "start": 0,
        "end": 77
      },
      {
        "id": 1,
        "claim": "Elektrický proud se používá k tomu, aby byl dobytek omráčen před podřezáním.",
        "checkworthy": true,
        "checkworthy_reason": "Výrok uvádí konkrétní postup v praxi zabíjení dobytka, který je fakticky ověřitelný prostřednictvím standardů a protokolů.",
        "origin_text": "Tím se jen omráčí",
        "start": 78,
        "end": 95
      },
      {
        "id": 2,
        "claim": "Cílem omračení je zabránit dobytku v plném vědomí během podřezání.",
        "checkworthy": true,
        "checkworthy_reason": "Toto tvrzení popisuje účel konkrétního postupu, který lze ověřit prostřednictvím standardů průmyslu a etických směrnic.",
        "origin_text": "aby ve chvíli podřezání nebyl při vědomí.",
        "start": 96,
        "end": 137
      }
    ]
  },
  {
    "source": "Jen normální vývoj civilizace/í. Chudoba-rozvoj-pokrok-blahobyt-vymýšlení hloupostí-úpadek-zapomění.",
    "claims": [
      {
        "id": 1,
        "claim": "Vývoj zahrnuje snižování chudoby.",
        "checkworthy": true,
        "checkworthy_reason": "Toto tvrzení obsahuje faktické prvky, protože existují data a statistiky pro prověření dopadu ekonomického vývoje na úrovně chudoby.",
        "origin_text": "civilizace/í.",
        "start": 19,
        "end": 32
      },
      {
        "id": 3,
        "claim": "Pokrok vedl k blahobytu.",
        "checkworthy": true,
        "checkworthy_reason": "Toto tvrzení obsahuje faktická prvky; může být analyzováno a prověřeno prostřednictvím statistik ukazujících spojení pokroku, například technologického nebo ekonomického, s blahobytem.",
        "origin_text": "blahobyt",
        "start": 55,
        "end": 63
      },
      {
        "id": 5,
        "claim": "Existuje tendence ke úpadku civilizace.",
        "checkworthy": true,
        "checkworthy_reason": "Přestože je tento výrok široký, obsahuje hypotetickou tvrzení, která lze potenciálně analyzovat pomocí historických dat nebo trendů.",
        "origin_text": "úpadek",
        "start": 84,
        "end": 90
      },
      {
        "id": 6,
        "claim": "Civilizace se může zapomenout na své předchůdce.",
        "checkworthy": true,
        "checkworthy_reason": "Toto tvrzení obsahuje faktickou možnost, která lze prověřit prostřednictvím historie a studií přenosu kultury.",
        "origin_text": "zapomění.",
        "start": 91,
        "end": 100
      }
    ]
  },
  {
    "source": "Já si marně vzpomínám, kdy politici místo restrikcí něco povolili. Snad prodloužení intervalu technické u motorek. Jinak se pořád zpřísňuje ve všech oblastech života. A je úplně jedno která strana je u vesla",
    "claims": [
      {
        "id": 0,
        "claim": "Politici místo restrikcí něco povolili.",
        "checkworthy": true,
        "checkworthy_reason": "Tento výrok obsahuje faktické informace o akci politiků, kterou lze ověřit prostřednictvím zákona nebo vládních prohlášení.",
        "origin_text": "Já si marně vzpomínám, kdy politici místo restrikcí něco povolili.",
        "start": 0,
        "end": 66
      },
      {
        "id": 1,
        "claim": "Snad bylo prodlouženo technické u motorek.",
        "checkworthy": true,
        "checkworthy_reason": "Tento výrok obsahuje faktické informace o změně politiky nebo legislativy týkající se motorek, což lze ověřit prostřednictvím vládních dokumentů.",
        "origin_text": "Snad prodloužení intervalu technické u motorek.",
        "start": 67,
        "end": 114
      }
    ]
  },
  {
    "source": "Já už vyzkoušel hodně antivirů, ale jako nejlepší se mi jeví Kasperski internet security.Ten obsahuje i správu síťového provozu a umožňuje ručně zakázat programům síťovou komunikaci, což jsem u jiných antivirů neměl.Takže jakémukoliv programu můžete zakázat odesílat data (ne vždy je to přínosem) a taky jakémukoliv systémovému programu. Něco podobného nabízí i AVG ale hodně omezeně oproti Kasperskému.",
    "claims": [
      {
        "id": 2,
        "claim": "Kasperski internet security obsahuje správu síťového provozu.",
        "checkworthy": true,
        "checkworthy_reason": "Tento výrok tvrdí faktickou informaci o funkci softwaru Kaspersky Internet Security a lze ji ověřit zkontrolováním specifikací produktu.",
        "origin_text": "en obsahuje i správu síťového provozu",
        "start": 90,
        "end": 127
      },
      {
        "id": 3,
        "claim": "Kasperski umožňuje ručně zakázat programům síťovou komunikaci.",
        "checkworthy": true,
        "checkworthy_reason": "Tento výrok tvrdí konkrétní funkci softwaru a může být ověřen základními funkcemi Kaspersky Internet Security.",
        "origin_text": "a umožňuje ručně zakázat programům síťovou komunikaci,",
        "start": 128,
        "end": 182
      },
      {
        "id": 5,
        "claim": "Kdekoliv programu můžete u Kasperského zakázat odesílat data.",
        "checkworthy": true,
        "checkworthy_reason": "Tento výrok tvrdí specifickou funkcionalitu softwaru, která lze ověřit zkoumáním možností softwaru.",
        "origin_text": "akže jakémukoliv programu můžete zakázat odesílat data (ne vždy je to přínosem)",
        "start": 217,
        "end": 296
      },
      {
        "id": 6,
        "claim": "U Kasperského je možné zakázat systémovým programům odesílání dat.",
        "checkworthy": true,
        "checkworthy_reason": "Tento výrok tvrdí konkrétní funkci softwaru, která lze ověřit zkontrolováním funkcionalit Kaspersky.",
        "origin_text": "a taky jakémukoliv systémovému programu.",
        "start": 297,
        "end": 337
      }
    ]
  },
  {
    "source": "Kanibalové na ostrově Samoa těžko budou mít reggae v krvi, to vzniklo na úplně jiném ostrově, v úplně jiném moři...Jsem na takové málo informované poznámky trochu alergická, ale možná za to může tahle moje diagnóza:https://www.youtube.com/watch?v=7MEqaQJ9lqU",
    "claims": [
      {
        "id": 0,
        "claim": "Kanibalové žijí na ostrově Samoa.",
        "checkworthy": true,
        "checkworthy_reason": "Výrok obsahuje faktickou tvrzenku o umístění lidí, která lze ověřit pomocí etnografických a historických zdrojů.",
        "origin_text": "Kanibalové na ostrově Samoa",
        "start": 0,
        "end": 27
      },
      {
        "id": 1,
        "claim": "Reggae vzniklo na jiném ostrově.",
        "checkworthy": true,
        "checkworthy_reason": "Výrok obsahuje tvrzení o původu hudebního žánru, které lze ověřit pomocí kulturních a historických zdrojů.",
        "origin_text": "těžko budou mít reggae v krvi, to vzniklo na úplně jiném ostrově",
        "start": 28,
        "end": 92
      },
      {
        "id": 2,
        "claim": "Reggae vzniklo v úplně jiném moři.",
        "checkworthy": true,
        "checkworthy_reason": "I když je to méně přesné než konkrétní geografie, tvrzení o umístění původu hudebního žánru lze ověřit prostřednictvím geografických a historických zdrojů.",
        "origin_text": " v úplně jiném moři...",
        "start": 93,
        "end": 115
      }
    ]
  },
  {
    "source": "Komiks super, jen tak dál! Je s podivem, že tady nikomu nevadí, že Přerov přišel o miliardovou investici a 3500 pracovních míst mimo jiné kvůli tomu, že není napojený na dálnici, protože její výstavbu blokují dva, možná tři lidé.Demokracie není jen o tom, abych mohl projevit svůj názor, ale také o tom, že respektuji a akceptuji názor většiny. A pokud jej neakceptuji, pak je na mě, abych dal dohromady větší většinu",
    "claims": [
      {
        "id": 0,
        "claim": "Přerov přišel o miliardovou investici a 3500 pracovních míst.",
        "checkworthy": true,
        "checkworthy_reason": "Výrok obsahuje konkrétní faktické informace, které lze ověřit prostřednictvím finančních zpráv nebo ekonomických analýz o investici a pracovních místech v Přerově.",
        "origin_text": "Komiks super, jen tak dál! Je s podivem, že tady nikomu nevadí, že Přerov přišel o miliardovou investici a 3500 pracovních míst",
        "start": 0,
        "end": 127
      }
    ]
  },
  {
    "source": "Michate hrusky a jabka. Windows NT koexistovaly s klasickymi Windows az do Windows 2000.",
    "claims": [
      {
        "id": 1,
        "claim": "Micháte se jablka.",
        "checkworthy": true,
        "checkworthy_reason": "Výrok obsahuje faktickou situaci - fyzické pohyb jablků -, která lze ověřit pozorováním nebo prostřednictvím videozáznamu.",
        "origin_text": "a jabka.",
        "start": 15,
        "end": 23
      },
      {
        "id": 2,
        "claim": "Windows NT a klasické Windows koexistovaly.",
        "checkworthy": true,
        "checkworthy_reason": "Toto tvrzení o historii operačních systémů je fakticky ověřitelné pomocí technických dokumentací a zdrojů.",
        "origin_text": "Windows NT koexistovaly s klasickymi Windows",
        "start": 24,
        "end": 68
      },
      {
        "id": 3,
        "claim": "Koexistovaly až do Windows 2000.",
        "checkworthy": true,
        "checkworthy_reason": "Výrok poskytuje konkrétní časovou referenci o historii operačních systémů, což je ověřitelné prostřednictvím technických záznamů.",
        "origin_text": "az do Windows 2000.",
        "start": 69,
        "end": 88
      }
    ]
  },
  {
    "source": "Možná by si na CO2 měla paní redaktorka začít dávat velký pozor, aby se tou toxickou zplodinou neotrávila při pití bublinkové limonády, nebo sodovky.",
    "claims": [
      {
        "id": 1,
        "claim": "CO2 je toxická zplodina.",
        "checkworthy": true,
        "checkworthy_reason": "Výrok obsahuje tvrzení, které může být ověřeno vzhledem k toxicologickým datům a klasifikaci CO2 ve vztahu k lidskému zdraví.",
        "origin_text": "aby se tou toxickou zplodinou neotrávila při pití bublinkové limonády,",
        "start": 65,
        "end": 135
      },
      {
        "id": 2,
        "claim": "CO2 se používá v bublinkové limonádě.",
        "checkworthy": true,
        "checkworthy_reason": "Toto je fakticky ověřitelné tvrzení, protože CO2 je běžně známá za dodání pikanosti v bublinkových nápojích.",
        "origin_text": "nebo sodovky.",
        "start": 136,
        "end": 149
      },
      {
        "id": 3,
        "claim": "CO2 se používá v sodovce.",
        "checkworthy": true,
        "checkworthy_reason": "Výrok obsahuje ověřitelné faktické informace o užití CO2 ve výrobě sodovky.",
        "origin_text": "",
        "start": 149,
        "end": 149
      }
    ]
  },
  {
    "source": "Na bolestivé břicho čaj z majoránky. I na velké křeče.",
    "claims": [
      {
        "id": 0,
        "claim": "Na bolestivé břicho se používá čaj z majoránky.",
        "checkworthy": true,
        "checkworthy_reason": "Výrok tvrdí, že čaj z majoránky je používán jako léčebný prostředek pro konkrétní stav, což jsou faktické informace o jeho léčebném využití.",
        "origin_text": "Na bolestivé břicho čaj z majoránky.",
        "start": 0,
        "end": 36
      },
      {
        "id": 1,
        "claim": "Čaj z majoránky se také používá na velké křeče.",
        "checkworthy": true,
        "checkworthy_reason": "Výrok tvrdí, že čaj z majoránky je používán pro léčbu konkrétního stavu, což jsou faktické informace o jeho údajném léčebném využití.",
        "origin_text": "I na velké křeče.",
        "start": 37,
        "end": 54
      }
    ]
  },
  {
    "source": "Neni. Linux totiz s vice uzivateli pocital od zacatku po vzoru Unixu. Windows to ma dohackovane dost bidne",
    "claims": [
      {
        "id": 1,
        "claim": "Linux následoval model Unixu.",
        "checkworthy": true,
        "checkworthy_reason": "Výrok obsahuje faktickou informaci o Linuxu, která lze ověřit porovnáním architektury a funkcionalit s Unixem.",
        "origin_text": "po vzoru Unixu.",
        "start": 54,
        "end": 69
      },
      {
        "id": 2,
        "claim": "Windows má značné omezení v oblasti podpory více uživatelů.",
        "checkworthy": true,
        "checkworthy_reason": "Toto tvrzení o Windows obsahuje faktické prvky, která lze ověřit pomocí technických specifikací a historie vývoje systémů Windows.",
        "origin_text": "Windows to ma dohackovane dost bidne",
        "start": 70,
        "end": 106
      }
    ]
  },
  {
    "source": "Nepadla tu ještě zajímavá věc, že po prvním omezení dopravy kvůli coroně se tam emise zvýšily, a nikdo neví proč... Ale naměřené to bylo.",
    "claims": [
      {
        "id": 0,
        "claim": "Doprava byla omezena kvůli koronaviru.",
        "checkworthy": true,
        "checkworthy_reason": "Výrok obsahuje ověřitelné informace týkající se dopravních omezení souvisejících s pandemií COVID-19.",
        "origin_text": "Nepadla tu ještě zajímavá věc, že po prvním omezení dopravy",
        "start": 0,
        "end": 59
      },
      {
        "id": 1,
        "claim": "Emise se zvýšily po prvním omezení dopravy kvůli koroně.",
        "checkworthy": true,
        "checkworthy_reason": "Tento výrok obsahuje faktické tvrzení, které lze ověřit prostřednictvím dat nebo studií o emisích souvisejících s dopravními omezeními.",
        "origin_text": "kvůli coroně se tam emise zvýšily,",
        "start": 60,
        "end": 94
      },
      {
        "id": 3,
        "claim": "Zvýšení emisí bylo naměřeno.",
        "checkworthy": true,
        "checkworthy_reason": "Výrok obsahuje tvrzení o měřeních, která jsou předmětem ověřitelných faktů prostřednictvím datových záznamů nebo výzkumných studií.",
        "origin_text": "Ale naměřené to bylo.",
        "start": 116,
        "end": 137
      }
    ]
  },
  {
    "source": "Nesúhlasím. Zoberte si zvieratá najbližšie k nám, teda tie viac inteligentné (gorily, delfíny a podobne). Myslím že by toho vymysleli oveľa viac. A vôbec to nemyslím tak že \"ne ne, to je ošklivé\" ..... ja tvrdím, že ľudia sú zlejší. Čo chcete vymýšľať na vraždiacich výpravách, vojskách, keď sa celá armáda, skupina vybrala niekam a len tak, bez ničoho, dosť kruto vyničila celú osadu, dedinu, celý kmeň. Čo je na tom o vymýšľaní keď sa tu ničíme 5000 rokov???",
    "claims": [
      {
        "id": 4,
        "claim": "Armády nebo skupiny mohou ničit celé osady, vesnice a kmeny.",
        "checkworthy": true,
        "checkworthy_reason": "Výrok je fakticky ověřitelný s příklady historických i současných armádních akcí.",
        "origin_text": "Čo chcete vymýšľať na vraždiacich výpravách, vojskách, keď sa celá armáda, skupina vybrala niekam a len tak, bez ničoho, dosť kruto vyničila celú osadu, dedinu, celý kmeň.",
        "start": 233,
        "end": 404
      },
      {
        "id": 5,
        "claim": "Historie lidstva zahrnuje případy násilí po dobu 5000 let.",
        "checkworthy": true,
        "checkworthy_reason": "Výrok tvrdí faktickou informaci, která může být ověřena archeologickými a historickými důkazy.",
        "origin_text": "Čo je na tom o vymýšľaní keď sa tu ničíme 5000 rokov???",
        "start": 405,
        "end": 460
      }
    ]
  },
  {
    "source": "Nezlobte se, ale i moje 8 let stará Octavia 3 s TDi 2L 110kW plní EURO 6...",
    "claims": [
      {
        "id": 0,
        "claim": "Moje 8 let stará Octavia má TDI 2L.",
        "checkworthy": true,
        "checkworthy_reason": "Tvrzení obsahuje konkrétní model motoru, který lze fakticky ověřit na základě vozidla zmíněného v druhé části výroku.",
        "origin_text": "Nezlobte se, ale i moje 8 let stará Octavia 3 s TDi 2L",
        "start": 0,
        "end": 54
      },
      {
        "id": 1,
        "claim": "Octavia má výkon 110 kW.",
        "checkworthy": true,
        "checkworthy_reason": "Tvrzení obsahuje specifickou hodnotu výkonu, která lze ověřit na základě technických dat vozidla nebo specifikace Octavie.",
        "origin_text": "110kW",
        "start": 55,
        "end": 60
      },
      {
        "id": 2,
        "claim": "Octavia plní normy Euro 6.",
        "checkworthy": true,
        "checkworthy_reason": "Tvrzení obsahuje specifickou normativní platnost pro emise, která lze ověřit na základě technických a regulativních standardů Octavie.",
        "origin_text": "plní EURO 6",
        "start": 61,
        "end": 72
      }
    ]
  },
  {
    "source": "No co se vam na tom nezda? Drive mely elektroauta baterky tak puruznu (i v kufru), a hlavne je to rozdil proti benzinaku - elektro ma baterky v podlaze, a diky tomu ma nizke teziste (o je jen konstatovani faktu, neni to nejake prekvapive odhaleni)",
    "claims": [
      {
        "id": 0,
        "claim": "Elektroauta dříve měla velké baterky.",
        "checkworthy": true,
        "checkworthy_reason": "Tento výrok obsahuje faktické informace o historii elektroautomobilů, které lze ověřit prostřednictvím technologických záznamů nebo literatury.",
        "origin_text": "No co se vam na tom nezda? Drive mely elektroauta baterky tak puruznu",
        "start": 0,
        "end": 69
      },
      {
        "id": 2,
        "claim": "Nízké těžiště je důsledkem umístění baterií v podlaze u elektroaut.",
        "checkworthy": true,
        "checkworthy_reason": "Tento výrok tvrdí přímou souvislost mezi designovou volbou a fyzikální charakteristikou, což lze ověřit analýzou technických specifikací automobilů.",
        "origin_text": "a hlavne je to rozdil proti benzinaku - elektro ma baterky v podlaze, a diky tomu ma nizke teziste",
        "start": 83,
        "end": 181
      }
    ]
  },
  {
    "source": "No, on ten Peugeot ve skutečnosti zas o tolik menší nebude. Vnitřní prostor a kufr jsou v podstatě nastejno. Kompaktnější je jen zvenku.",
    "claims": [
      {
        "id": 1,
        "claim": "Vnitřní prostor a kufr Peugeota jsou v podstatě nastejno.",
        "checkworthy": true,
        "checkworthy_reason": "Toto tvrzení může být objektivně ověřeno srovnáním specifikací vnitřního prostoru a kufra konkrétních modelů Peugeota pomocí spolehlivých zdrojů nebo technických dat.",
        "origin_text": "Vnitřní prostor a kufr jsou v podstatě nastejno.",
        "start": 60,
        "end": 108
      },
      {
        "id": 2,
        "claim": "Peugeot je kompaktnější pouze zvenku.",
        "checkworthy": true,
        "checkworthy_reason": "Toto tvrzení může být ověřeno porovnáním vnějších rozměrů konkrétního modelu Peugeota s jinými vozidly nebo s vnitřní velikostí.",
        "origin_text": "Kompaktnější je jen zvenku.",
        "start": 109,
        "end": 136
      }
    ]
  },
  {
    "source": "No, oni si ty staré benzínové šunky kupovali i tam, kde zakázali čisté diesely...",
    "claims": [
      {
        "id": 0,
        "claim": "Staré benzínové šunky byly kupovány.",
        "checkworthy": true,
        "checkworthy_reason": "Výrok obsahuje faktickou tvrzení o nákupu starých benzínových vozidel, což je ověřitelná akce s přístupem k relevantním obchodním záznamům nebo svědkům.",
        "origin_text": "No, oni si ty staré benzínové šunky kupovali",
        "start": 0,
        "end": 44
      }
    ]
  },
  {
    "source": "No, pokud si dobře pamatuji, tek zelení chtějí vybíjet i hospodářská zvířata, protože moc prdí meta a to je skleníkový plyn ...",
    "claims": [
      {
        "id": 1,
        "claim": "Hospodářská zvířata moc prdí metan.",
        "checkworthy": true,
        "checkworthy_reason": "Tento výrok obsahuje faktickou tvrzení, která lze ověřit prostřednictvím vědeckých studií nebo dat o emisích metanu hospodářskými zvířaty.",
        "origin_text": "protože moc prdí meta",
        "start": 78,
        "end": 99
      },
      {
        "id": 2,
        "claim": "Metan je skleníkový plyn.",
        "checkworthy": true,
        "checkworthy_reason": "Výrok obsahuje ověřitelné informace, protože se jedná o fakta v oblasti chemie a klimatologie.",
        "origin_text": "a to je skleníkový plyn",
        "start": 100,
        "end": 123
      }
    ]
  },
  {
    "source": "On náš prezident má také úplně jiné kompetence než ten americký.Že mají ministři vnitra různé role v různých státech, to samo o sobě není důvod neříkat jim stejně.",
    "claims": [
      {
        "id": 1,
        "claim": "Ministři vnitra mají různé role v různých státech.",
        "checkworthy": true,
        "checkworthy_reason": "Výrok obsahuje faktickou tvrzení, která lze ověřit prostřednictvím srovnání ústavních a vládních struktur různých zemí.",
        "origin_text": "e mají ministři vnitra různé role v různých státech,",
        "start": 65,
        "end": 117
      }
    ]
  },
  {
    "source": "Ono nula nula nic krát milion v jednom městě dá hodně. A navíc těch nula nula nic platí pro zahřátý motor. V ranní špičce ve městech popojíždí studené nafťáky, které mají několikanásobné emise.Ono jde o to, že se doba změnila. Každý má auto, obzvláště v Německu je jejich koncentrace enormní. A lidí chtějí taky dýchat a nejen si vozit zadek.Kdo bydlí u magistrály, ví jaký to je, jaký je tam prach a hluk. Jenomže těch magistrál mají v Německu (ale i v jiných zemích) tisíce.Neříkám, že současný postup je ideální. Ale nic nedělat a nechat se dál dusit, taky není řešení.",
    "claims": [
      {
        "id": 2,
        "claim": "V ranní špičce ve městech popojíždí studené auta, které mají několikanásobné emise.",
        "checkworthy": true,
        "checkworthy_reason": "Výrok obsahuje tvrzení o emisních úrovních studených motorů, což je faktická oblast ověřitelná prostřednictvím environmentálních a automobilových standardů.",
        "origin_text": "V ranní špičce ve městech popojíždí studené nafťáky, které mají několikanásobné emise.",
        "start": 107,
        "end": 193
      },
      {
        "id": 4,
        "claim": "Kdo bydlí u magistrály, ví o prachu a hluku tam.",
        "checkworthy": true,
        "checkworthy_reason": "Výrok obsahuje tvrzení o životních podmínkách poblíž určené infrastruktury, což lze ověřit prostřednictvím studií nebo pozorování.",
        "origin_text": "Každý má auto, obzvláště v Německu je jejich koncentrace enormní. A lidí chtějí taky dýchat a nejen si vozit zadek.Kdo bydlí u magistrály, ví jaký to je, jaký je tam prach a hluk.",
        "start": 227,
        "end": 406
      },
      {
        "id": 5,
        "claim": "V Německu jsou tisíce magistrálů.",
        "checkworthy": true,
        "checkworthy_reason": "Toto tvrzení obsahuje kvantifikovatelné informace, které lze ověřit dopravními a infrastrukturními záznamy.",
        "origin_text": "Jenomže těch magistrál mají v Německu (ale i v jiných zemích) tisíce.",
        "start": 407,
        "end": 476
      }
    ]
  },
  {
    "source": "Ono se nikde emise nezvysily, staci neopak blbosti porad dokola :DAle jinak ano, muze se stat i to, ze namerite horsi hodnoty znecisteni v den, kdy nevyjede ani jedno auto, oproti dnu s provozem. Staci kdyz ten den bez aut bude inverze, a ten normalni den bude krasne a pofukovat vitr. Presto z takoveho mereni opravdu neplyne to, ze auta cisti vzduch :D",
    "claims": [
      {
        "id": 0,
        "claim": "Emise se nikde nezvýšily.",
        "checkworthy": true,
        "checkworthy_reason": "Výrok tvrdí faktickou situaci týkající se emisí, což je ověřitelné pomocí dat o emisních úrovních z environmentálních studií a vládních zpráv.",
        "origin_text": "Ono se nikde emise nezvysily,",
        "start": 0,
        "end": 29
      },
      {
        "id": 2,
        "claim": "Může se stát, že měříte horší hodnoty znečištění v den bez provozu.",
        "checkworthy": true,
        "checkworthy_reason": "Výrok obsahuje hypotetickou situaci týkající se měření znečištění, což je ověřitelné pomocí environmentálních dat a studií.",
        "origin_text": "le jinak ano, muze se stat i to, ze namerite horsi hodnoty znecisteni v den, kdy nevyjede ani jedno auto, oproti dnu s provozem. Staci kdyz ten den bez aut bude inverze,",
        "start": 67,
        "end": 236
      },
      {
        "id": 4,
        "claim": "Z takového měření nevyplývá, že auto čistí vzduch.",
        "checkworthy": true,
        "checkworthy_reason": "Výrok tvrdí faktickou interpretaci dat týkající se dopadu aut na kvalitu vzduchu, což lze ověřit pomocí vědeckých studií a analytických zpráv.",
        "origin_text": "Presto z takoveho mereni opravdu neplyne to, ze auta cisti vzduch :D",
        "start": 286,
        "end": 354
      }
    ]
  },
  {
    "source": "Pekny a trefny clanek. Osobne vyznavam tvrdy pristup jaky maji v Oregonu. Tedy extremni pokuty a postihy za znecistovani prirody a nerespektovani narizeni. Ve zminenem Oregonu treba pokuta za znecistovani az do $6250.",
    "claims": [
      {
        "id": 0,
        "claim": "Oregon má tvrdý přístup k ochraně životního prostředí.",
        "checkworthy": true,
        "checkworthy_reason": "Výrok obsahuje faktické prvky o politice nebo postojích státu Oregon vůči ochraně životního prostředí, které lze ověřit porovnáním s legislativou a praktikami.",
        "origin_text": "Pekny a trefny clanek. Osobne vyznavam tvrdy pristup jaky maji v Oregonu.",
        "start": 0,
        "end": 73
      },
      {
        "id": 1,
        "claim": "Ve státě Oregon jsou extrémně vysoké pokuty za znečištění přírody a neúctu k pravidlům.",
        "checkworthy": true,
        "checkworthy_reason": "Tento výrok obsahuje faktické prvky o existenci a úrovni pokut ve státě Oregon, které lze ověřit prostřednictvím právních dokumentů a zákonů.",
        "origin_text": "Tedy extremni pokuty a postihy za znecistovani prirody a nerespektovani narizeni.",
        "start": 74,
        "end": 155
      },
      {
        "id": 2,
        "claim": "Pokuta za znečištění ve státě Oregon může být až 6250 USD.",
        "checkworthy": true,
        "checkworthy_reason": "Výrok obsahuje konkrétní finanční informaci, kterou lze ověřit prostřednictvím právních zdrojů nebo oficiálních dokumentů státu Oregon.",
        "origin_text": "Ve zminenem Oregonu treba pokuta za znecistovani az do $6250.",
        "start": 156,
        "end": 217
      }
    ]
  },
  {
    "source": "Pokud mate fyzicky pristup k pocitaci a disk neni sifrovany, tak linux nepomuze.Ale stale lepsi nez win, kde sifrovani je dostupne az pro verzi pro.",
    "claims": [
      {
        "id": 0,
        "claim": "Fyzický přístup k počítači umožňuje čtení nešifrovaných disků.",
        "checkworthy": true,
        "checkworthy_reason": "Výrok obsahuje ověřitelné technické informace o tom, jak fyzický přístup může způsobit, že nešifrovaná data jsou dostupná.",
        "origin_text": "Pokud mate fyzicky pristup k pocitaci a disk neni sifrovany,",
        "start": 0,
        "end": 60
      },
      {
        "id": 1,
        "claim": "Linux nepomáhá u šifrovaných disků.",
        "checkworthy": true,
        "checkworthy_reason": "Toto tvrzení je o Linuxu a jeho schopnostech s šifrováním, což může být ověřeno prostřednictvím technické dokumentace nebo studií.",
        "origin_text": "tak linux nepomuze.",
        "start": 61,
        "end": 80
      },
      {
        "id": 3,
        "claim": "Windows zveřejňuje šifrovací možnosti pouze pro verzi Pro.",
        "checkworthy": true,
        "checkworthy_reason": "Výrok obsahuje tvrzení o funkcionalitě Windows, které lze ověřit prostřednictvím oficiálních dokumentů nebo technických poznámek od Microsoftu.",
        "origin_text": "kde sifrovani je dostupne az pro verzi pro.",
        "start": 105,
        "end": 148
      }
    ]
  },
  {
    "source": "Sulawesi je velky ostrov vedle Bornea a Tana Toraja je oblast ve vnitrozemi. Ostrov spada pod Indonesia. Pred 10 lety jsem absoluoval stejny zazitek, autorka to popsala pomerne presne. Na Sulawesi jsem stravil zhruba mesic a rozhodne je to misto ktere stoji za navstevu. Zadni turiste, par batuzkaru. Sulawesi je take znamo jako jedno z nejlepsich mist na potapeni na svete.",
    "claims": [
      {
        "id": 0,
        "claim": "Sulawesi je velký ostrov vedle Bornea.",
        "checkworthy": true,
        "checkworthy_reason": "Toto tvrzení obsahuje geografickou informaci, kterou lze ověřit pomocí map nebo spolehlivých zdrojů o polohách a velikosti ostrovů.",
        "origin_text": "Sulawesi je velky ostrov vedle Bornea",
        "start": 0,
        "end": 37
      },
      {
        "id": 1,
        "claim": "Tana Toraja je oblast ve vnitrozemi Sulawesi.",
        "checkworthy": true,
        "checkworthy_reason": "Toto tvrzení obsahuje geografickou informaci, která může být ověřena pomocí map nebo spolehlivých zdrojů o lokalitách na Sulawesim.",
        "origin_text": "a Tana Toraja je oblast ve vnitrozemi.",
        "start": 38,
        "end": 76
      },
      {
        "id": 2,
        "claim": "Ostrov spadá pod Indonésii.",
        "checkworthy": true,
        "checkworthy_reason": "Toto tvrzení obsahuje faktickou informaci o suverenitě, která může být ověřena prostřednictvím geografických nebo politických zdrojů.",
        "origin_text": "Ostrov spada pod Indonesia.",
        "start": 77,
        "end": 104
      }
    ]
  },
  {
    "source": "Ta provozni teplota je kvuli tomu, ze motor ktery neni zahraty na optimalni teplotu ma vyssi emise. Napriklad kvuli tomu, ze je nutne mit bohatsi smes. A systemy jsou nastaveny na provozni teplotu motoru a optimalni otacky (katalyzator, SCR,..)",
    "claims": [
      {
        "id": 0,
        "claim": "Bohatší směs je nutná pro motor nezahřátý na optimální teplotu.",
        "checkworthy": true,
        "checkworthy_reason": "Tento výrok obsahuje faktické informace o mechanice pohonných míst, které lze ověřit prostřednictvím inženýrských principů a empirických testů.",
        "origin_text": "Ta provozni teplota je kvuli tomu, ze motor ktery neni zahraty na optimalni teplotu ma vyssi emise. Napriklad kvuli tomu, ze je nutne mit bohatsi smes.",
        "start": 0,
        "end": 151
      },
      {
        "id": 3,
        "claim": "Optimální otáčky ovlivňují katalyzátor a SCR.",
        "checkworthy": true,
        "checkworthy_reason": "Tento výrok obsahuje faktické informace týkající se funkce a účinků mechanických komponent, což lze ověřit prostřednictvím inženýrských testů a literatury.",
        "origin_text": "",
        "start": 244,
        "end": 244
      }
    ]
  },
  {
    "source": "Tak moc se to neprojevilo. Daleko více rodin bylo doma, děti nevozili do školy, celkově provoz v průměru klesl v našem městě o 40%.",
    "claims": [
      {
        "id": 1,
        "claim": "Daleko více rodin bylo doma.",
        "checkworthy": true,
        "checkworthy_reason": "Přestože není specifické číslo uvedeno, tvrzení se týká srovnatelných trendů populace a mohou být ověřena prostřednictvím demografických dat.",
        "origin_text": "Daleko více rodin bylo doma,",
        "start": 27,
        "end": 55
      },
      {
        "id": 2,
        "claim": "Děti nebyly vysílány do školy.",
        "checkworthy": true,
        "checkworthy_reason": "Toto tvrzení může být ověřeno pomocí vládních oznámení, zpráv médií nebo administrativních záznamů škol.",
        "origin_text": "děti nevozili do školy,",
        "start": 56,
        "end": 79
      },
      {
        "id": 3,
        "claim": "Provoz klesl o 40% průměrně ve městě.",
        "checkworthy": true,
        "checkworthy_reason": "Toto tvrzení obsahuje konkrétní procento a lze ho ověřit pomocí dat o dopravě nebo ekonomických zpráv.",
        "origin_text": "celkově provoz v průměru klesl v našem městě o 40%",
        "start": 80,
        "end": 130
      }
    ]
  },
  {
    "source": "Tak naštěstí se KDU-ČSL nedostalo do vlády, takže nemohlo dál za Kapsch lobovat a ten vývar mu prodloužit ...",
    "claims": [
      {
        "id": 0,
        "claim": "KDU-ČSL se nedostalo do vlády.",
        "checkworthy": true,
        "checkworthy_reason": "Toto tvrzení je faktické a lze ho ověřit kontrolou historických záznamů o složení vlády na daný časový okamžik.",
        "origin_text": "Tak naštěstí se KDU-ČSL nedostalo do vlády,",
        "start": 0,
        "end": 43
      },
      {
        "id": 1,
        "claim": "KDU-ČSL neulovalo za Kapsch.",
        "checkworthy": true,
        "checkworthy_reason": "Toto tvrzení je faktické, pokud se tím myslí konkrétní politická úmluva nebo podmínka, kterou lze ověřit pomocí vládních dokumentů a zpravodajství.",
        "origin_text": "takže nemohlo dál za Kapsch lobovat",
        "start": 44,
        "end": 79
      }
    ]
  },
  {
    "source": "Tak třeba v Říčanech u Prahy se nová škola postavila a letos začne výstavba další. Z jakých peněz nevím, ale peněz města tam bude menší díl, město na budování staveb v úhrnu půl miliardy nemá.",
    "claims": [
      {
        "id": 0,
        "claim": "V Říčanech u Prahy se nová škola postavila.",
        "checkworthy": true,
        "checkworthy_reason": "Toto tvrzení obsahuje ověřitelnou faktickou informaci o stavbě konkrétního objektu v určitém místě.",
        "origin_text": "Tak třeba v Říčanech u Prahy se nová škola postavila",
        "start": 0,
        "end": 52
      },
      {
        "id": 1,
        "claim": "Letos začne výstavba další školy v Říčanech.",
        "checkworthy": true,
        "checkworthy_reason": "Toto tvrzení obsahuje faktickou informaci o plánu stavby, kterou lze ověřit pomocí místních zdrojů nebo novin.",
        "origin_text": "a letos začne výstavba další.",
        "start": 53,
        "end": 82
      },
      {
        "id": 3,
        "claim": "Město nemá na budování staveb v úhrnu půl miliardy.",
        "checkworthy": true,
        "checkworthy_reason": "Toto tvrzení obsahuje faktickou informaci o finančních prostředcích města, která lze ověřit pomocí veřejných financí nebo rozpočtu.",
        "origin_text": "město na budování staveb v úhrnu půl miliardy nemá.",
        "start": 141,
        "end": 192
      }
    ]
  },
  {
    "source": "To není ani o ekologii, ale o ekonomice. Nic proti vlakům, ale kromě transportu záklandích komodit nemá už z hlediska dopravy železnice nárok. Většina nákladních terminálů se proměnila na bownfieldy nebo už rovnou zastavěla. Stavět nové jě velmi draho a upřímně není ani kde je stavět (chybí napojení na už tak trstní silniční infrastrukturu). A upřímně firma potřebuje logistické zabezpečení just-in-time a jestli se bude zboží ještě 2x překládat na/z vlaku vyjde to stejně dráž než kamion. Bohužel doba velkých továren, které měly vlastní vlečku na nejbližší nádraží je pryč a logistické megaareály u velkých měst nemají v drtivé míře možnost se na solidní kapacitní kooej vůbec připojit.",
    "claims": [
      {
        "id": 0,
        "claim": "Text diskutuje o ekonomice, nikoliv o ekologii.",
        "checkworthy": true,
        "checkworthy_reason": "Výrok obsahuje ověřitelné faktické informace týkající se tématu textu.",
        "origin_text": "To není ani o ekologii, ale o ekonomice.",
        "start": 0,
        "end": 40
      },
      {
        "id": 3,
        "claim": "Většina nákladních terminálů se proměnila na boxové pole nebo byla zastavěna.",
        "checkworthy": true,
        "checkworthy_reason": "Toto tvrzení obsahuje ověřitelné faktické informace, které lze potvrdit prostřednictvím studií infrastruktury nebo statistik.",
        "origin_text": "Většina nákladních terminálů se proměnila na bownfieldy nebo už rovnou zastavěla.",
        "start": 143,
        "end": 224
      },
      {
        "id": 4,
        "claim": "Stavba nových železničních infrastruktur je velmi drahá.",
        "checkworthy": true,
        "checkworthy_reason": "Výrok obsahuje ověřitelné faktické informace, protože náklady na stavbu mohou být zkontrolovány.",
        "origin_text": "Stavět nové jě velmi draho",
        "start": 225,
        "end": 251
      },
      {
        "id": 7,
        "claim": "Překládání zboží na a z vlaků je dražší než doprava kamiony.",
        "checkworthy": true,
        "checkworthy_reason": "Výrok obsahuje tvrzení, které lze ověřit prostřednictvím srovnání nákladů.",
        "origin_text": "a jestli se bude zboží ještě 2x překládat na/z vlaku vyjde to stejně dráž než kamion.",
        "start": 406,
        "end": 491
      },
      {
        "id": 9,
        "claim": "Logistické megaareály u velkých měst často nemají přístup k kapacitnímu koordinačnímu systému.",
        "checkworthy": true,
        "checkworthy_reason": "Toto tvrzení obsahuje faktické prvky, které lze potvrdit prostřednictvím studií infrastruktury nebo rozhovorů s odborníky.",
        "origin_text": "a logistické megaareály u velkých měst nemají v drtivé míře možnost se na solidní kapacitní kooej vůbec připojit.",
        "start": 577,
        "end": 690
      }
    ]
  },
  {
    "source": "To, proč někdo vlastní auto, je čiště jeho věc a to, že bydlí (v širším) centru města, absolutně neznamená, že ho nepotřebuje... Ale chápu, že hipsteři a podobní aktivisti, co jim stačí batůžek nebo makaj někde v Partnerství, tak ti mají času dost a můžou ho ztrácet třeba i \"ekologickou\" dopravou. Akorát pak jsou neskutečně otravní, když potřebují někam za město a zrovna to neleží na koridoru...",
    "claims": [
      {
        "id": 3,
        "claim": "Aktivisté používají ekologickou dopravu.",
        "checkworthy": true,
        "checkworthy_reason": "I když je to obecný výrok o skupině, lze jej ověřit tím, že se zkoumají vzorce chování či tvrzení aktérů zpochybňujících udržitelnost.",
        "origin_text": "a můžou ho ztrácet třeba i \"ekologickou\" dopravou.",
        "start": 248,
        "end": 298
      },
      {
        "id": 5,
        "claim": "Cesta za město nespoléhá na koridor.",
        "checkworthy": true,
        "checkworthy_reason": "Výrok o dopravním vzoru lze ověřit prostřednictvím geografických map a zpráv o infrastruktuře cestovního ruchu.",
        "origin_text": "a zrovna to neleží na koridoru...",
        "start": 365,
        "end": 398
      }
    ]
  },
  {
    "source": "V Australii zije ex-pat samoanska komunita a v australske NRL (ragbyova liga) hraje spousta Samoanu. Jeste zadne sve protivniky nesnedli.",
    "claims": [
      {
        "id": 0,
        "claim": "V Australii žije ex-patsamoánská komunita.",
        "checkworthy": true,
        "checkworthy_reason": "Tento výrok obsahuje faktické informace, které lze ověřit tím, že bychom zjistili přítomnost samoánských migrantů nebo exilantů v Austrálii.",
        "origin_text": "V Australii zije ex-pat samoanska komunita",
        "start": 0,
        "end": 42
      },
      {
        "id": 1,
        "claim": "Spoustu samoánů hraje v australské NRL (rugbyové lize).",
        "checkworthy": true,
        "checkworthy_reason": "Tento výrok uvádí konkrétní skupinu lidí (samoány) a jejich účast na specifickém sportovním čem (NRL), což může být ověřeno prostřednictvím seznamů hráčů nebo statistik.",
        "origin_text": "a v australske NRL (ragbyova liga) hraje spousta Samoanu.",
        "start": 43,
        "end": 100
      }
    ]
  },
  {
    "source": "V monopolu nemate moznost volby a o to jde",
    "claims": [
      {
        "id": 0,
        "claim": "V monopolu nemáte možnost volby.",
        "checkworthy": true,
        "checkworthy_reason": "Toto tvrzení obsahuje odkaz na aspekty herního pravidla ve hře Monopoly, což lze ověřit zpracováním nebo pravidly hry.",
        "origin_text": "V monopolu nemate moznost volby",
        "start": 0,
        "end": 31
      }
    ]
  },
  {
    "source": "V roce 2013, tedy před osmi lety, se auta s normou EURO 6 nevyráběla. Ano, motory se v základu nezměnily a 2.0 TDI pak po roce 2015 splňoval iEURO 6, ale k jistým malým úpravám tam došlo. V techničáku máte určitě uvedeno EURO 5.Nicméně, stát nemůže zakázat provoz něčeho, co odsouhlasil, že vyhovuje. Jinak riskuje soudy o odškodnění. A šrotovat téměr nová auta je zhovadilost.",
    "claims": [
      {
        "id": 0,
        "claim": "V roce 2013 se nevyráběla norma EURO 6 pro automobily.",
        "checkworthy": true,
        "checkworthy_reason": "Toto tvrzení obsahuje faktické informace o historii vývoje a implementace normy EURO 6, což lze ověřit prostřednictvím zdrojů zaměřených na environmentální regulace automobilů.",
        "origin_text": "V roce 2013, tedy před osmi lety, se auta s normou EURO 6 nevyráběla.",
        "start": 0,
        "end": 69
      },
      {
        "id": 1,
        "claim": "Auta s motory, které nemění základ, splňovala iEURO 6 po roce 2015.",
        "checkworthy": true,
        "checkworthy_reason": "Toto tvrzení obsahuje faktické informace o konkrétním dodržování environmentálních norm automobilů a může být ověřeno prostřednictvím regulativních směrnic.",
        "origin_text": "Ano, motory se v základu nezměnily a 2.0 TDI pak po roce 2015 splňoval iEURO 6",
        "start": 70,
        "end": 148
      },
      {
        "id": 2,
        "claim": "Technický průkaz ukazuje, že některá auta splňují normu EURO 5.",
        "checkworthy": true,
        "checkworthy_reason": "Toto tvrzení zahrnuje faktickou informaci o technickém průkazu a jeho použití k ověření dodržování automobily normy, což lze ověřit prostřednictvím oficiálních certifikací nebo dokumentace.",
        "origin_text": " ale k jistým malým úpravám tam došlo. V techničáku máte určitě uvedeno EURO 5.",
        "start": 149,
        "end": 228
      },
      {
        "id": 3,
        "claim": "Stát nemůže zakázat provoz dopravky, kterou odsouhlasil.",
        "checkworthy": true,
        "checkworthy_reason": "Toto tvrzení obsahuje faktické informace o právních pravidlech týkajících se státního dohledu a schválených operací, což lze ověřit prostřednictvím zdrojů veřejného práva nebo legislativních textů.",
        "origin_text": "icméně, stát nemůže zakázat provoz něčeho, co odsouhlasil, že vyhovuje.",
        "start": 229,
        "end": 300
      },
      {
        "id": 4,
        "claim": "Zakázání vyrábění může vést ke soudním řízením o odškodnění.",
        "checkworthy": true,
        "checkworthy_reason": "Toto tvrzení obsahuje faktické informace o právních důsledcích regulací na výrobu, což lze ověřit prostřednictvím případových studií nebo zákonů o odškodnění.",
        "origin_text": "Jinak riskuje soudy o odškodnění.",
        "start": 301,
        "end": 334
      }
    ]
  },
  {
    "source": "Vetsinou to funguje tak ze Vas pruvodce je Torajan, ktery ma pristup. Oni smrt vidi jinak nez my a je to pro ne duvod k oslave neboztika. Na pohrbu ktereho jsme se zucastnili byli stovky lidi, vsichni byli velice pratelsti a brali nas spis jako hosty nez turisty. Jestli jim ten pruvodce neco da za to ze se muzete ucastnit to nevim, ale najmout si pruvodce na 3 dny nebylo vubec drahy. Uz si presne nepamatuji, je to 10 let. Nas rozhodne nikdo “nezkasiroval” stranou.",
    "claims": [
      {
        "id": 0,
        "claim": "Torajani mají přístup k pohřebním obřadům.",
        "checkworthy": true,
        "checkworthy_reason": "Toto tvrzení obsahuje ověřitelnou faktickou informaci o kulturním aspektu lidu Torajan.",
        "origin_text": "Vetsinou to funguje tak ze Vas pruvodce je Torajan, ktery ma pristup.",
        "start": 0,
        "end": 69
      },
      {
        "id": 2,
        "claim": "Pohřeb je pro ně důvod ke slavení nebožtíka.",
        "checkworthy": true,
        "checkworthy_reason": "Toto tvrzení může být ověřeno prostřednictvím etnografických studií o kultuře Torajan.",
        "origin_text": "a je to pro ne duvod k oslave neboztika.",
        "start": 97,
        "end": 137
      }
    ]
  },
  {
    "source": "Ze skamenelych kosti moc genetickeho materialu nevyskrabete.",
    "claims": [
      {
        "id": 0,
        "claim": "Ze skamenělé kosti nelze vyskrábat mnoho genetického materiálu.",
        "checkworthy": true,
        "checkworthy_reason": "Výrok obsahuje ověřitelnou faktickou tvrzení o možnosti extrakce genetického materiálu z skamenělé kosti, což je téma v biologii a paleontologii.",
        "origin_text": "Ze skamenelych kosti moc genetickeho materialu nevyskrabete.",
        "start": 0,
        "end": 60
      }
    ]
  },
  {
    "source": "genetický materiál nebude až tak problém, existuje hodně zmrzlých mamutích pozustatků ...navíc genom mamuta je celkem dobře zdokumentovaný, před pár lety jsem dokonce četl studii že by mohl mládě mamuta odnosit slon.",
    "claims": [
      {
        "id": 1,
        "claim": "Genom mamuta je dobře zdokumentovaný.",
        "checkworthy": true,
        "checkworthy_reason": "Výrok tvrdí faktickou informaci, která lze ověřit přístupem k genomovým studiím a dokumentacím mamutů v odborných zdrojích.",
        "origin_text": "existuje hodně zmrzlých mamutích pozustatků ...navíc genom mamuta je celkem dobře zdokumentovaný,",
        "start": 42,
        "end": 139
      }
    ]
  },
  {
    "source": "mýto je ve většině okolních zemích. Jen u nás je to pijavice. Kapsch firma se stoletou tradicí. Asi většina kritizujících jsou samaritání co pracují zadarmo. Stát vybírá na mýtném přes 10 mld ročně. To je hezký příjem do rozpočtu. Tyto peníze měly jít na výstavbu dálnic a modernizaci. Ale bohužel šly na koblihy. To samé EET. Babiš hlásal kolik mld. se vybere navíc. Za to postavíme školy, nemocnice... Neví někdo náhodou o takové stavbě...",
    "claims": [
      {
        "id": 0,
        "claim": "Mýto je ve většině okolních zemích.",
        "checkworthy": true,
        "checkworthy_reason": "Výrok obsahuje faktickou informaci o přítomnosti a prevalenci mýt v okolních zemích, která lze ověřit.",
        "origin_text": "mýto je ve většině okolních zemích.",
        "start": 0,
        "end": 35
      },
      {
        "id": 1,
        "claim": "U České republiky je mýtobraní nazýváno pijavicí.",
        "checkworthy": true,
        "checkworthy_reason": "Výrok tvrdí specifickou terminologii týkající se mýt v ČR, která lze ověřit prostřednictvím průzkumu regionálních termínů nebo zdrojů.",
        "origin_text": "Jen u nás je to pijavice.",
        "start": 36,
        "end": 61
      },
      {
        "id": 4,
        "claim": "Český stát vybírá na mýtném více než 10 miliard ročně.",
        "checkworthy": true,
        "checkworthy_reason": "Výrok obsahuje konkrétní finanční číslo týkající se příjmů z mýt, která lze ověřit s využitím veřejných nebo vládních zdrojů.",
        "origin_text": "Stát vybírá na mýtném přes 10 mld ročně.",
        "start": 158,
        "end": 198
      },
      {
        "id": 5,
        "claim": "Příjem z mýt obvykle byl určen pro výstavbu dálnic a modernizaci infrastruktury.",
        "checkworthy": true,
        "checkworthy_reason": "Toto tvrzení uvádí zamýšlené použití příjmů z mýt, což je faktická informace ověřitelná prostřednictvím vládních zpráv nebo historických dokumentů.",
        "origin_text": "To je hezký příjem do rozpočtu. Tyto peníze měly jít na výstavbu dálnic a modernizaci.",
        "start": 199,
        "end": 285
      },
      {
        "id": 6,
        "claim": "Peníze od mýt často šly na jiné účely, jako koblihy.",
        "checkworthy": true,
        "checkworthy_reason": "Výrok tvrdí, že peníze z mýt byly použity pro konkrétní neúčely, což je faktická tvrzení ověřitelná prostřednictvím auditních zpráv nebo výpovědí.",
        "origin_text": "Ale bohužel šly na koblihy.",
        "start": 286,
        "end": 313
      },
      {
        "id": 8,
        "claim": "Andrej Babiš hlásal, kolik milionů nebo miliard se z EET vybere navíc.",
        "checkworthy": true,
        "checkworthy_reason": "Výrok tvrdí specifickou akci a prohlášení Andreje Babiše ohledně příjmů z EET, které lze ověřit prostřednictvím jeho veřejných prohlášení.",
        "origin_text": "Babiš hlásal kolik mld. se vybere navíc.",
        "start": 327,
        "end": 367
      },
      {
        "id": 9,
        "claim": "Babiš sliboval, že peníze z EET postaví školy a nemocnice.",
        "checkworthy": true,
        "checkworthy_reason": "Výrok obsahuje faktické informace o příslušném prohlášení ohledně použití příjmů z EET, které lze ověřit.",
        "origin_text": "Za to postavíme školy, nemocnice...",
        "start": 368,
        "end": 403
      },
      {
        "id": 10,
        "claim": "Existují pochybnosti o stavbě škol a nemocnic s využitím příjmů z EET.",
        "checkworthy": true,
        "checkworthy_reason": "Toto tvrzení uvádí existenci diskuse nebo nesouhlasu, což jsou faktické aspekty ověřitelné prostřednictvím médií a veřejného mínění.",
        "origin_text": "Neví někdo náhodou o takové stavbě...",
        "start": 404,
        "end": 441
      }
    ]
  },
  {
    "source": "na internetu je asi milion návodů jak cvičit doma nebo v okolí domu s vlastní vahou a jednoduchými dostupnými pomůckami. Ale stejně to tady vypadá, že obezita se u nás poprvé objevila až s uzavírkou okresů",
    "claims": [
      {
        "id": 0,
        "claim": "Na internetu je asi milion návodů jak cvičit doma.",
        "checkworthy": true,
        "checkworthy_reason": "Výrok obsahuje kvantifikovatelnou a ověřitelnou tvrzení, i když číslo může být přibližné.",
        "origin_text": "na internetu je asi milion návodů jak cvičit doma",
        "start": 0,
        "end": 49
      },
      {
        "id": 2,
        "claim": "Je možné cvičit s vlastní váhou.",
        "checkworthy": true,
        "checkworthy_reason": "Výrok obsahuje faktu o možnosti praktikovat cvičení, což je přístupná a ověřitelná informace.",
        "origin_text": "s vlastní vahou",
        "start": 68,
        "end": 83
      },
      {
        "id": 3,
        "claim": "K dispozici jsou jednoduché dostupné pomůcky pro cvičení.",
        "checkworthy": true,
        "checkworthy_reason": "I když je to obecná tvrzení, lze ji ověřit na základě dostupnosti pomůcek u různých poskytovatelů nebo online.",
        "origin_text": "a jednoduchými dostupnými pomůckami.",
        "start": 84,
        "end": 120
      }
    ]
  },
  {
    "source": "take me to zarazilo, protoze typicka hudba zdejsi a novozelandske ex-pat samoanske komunity je typicky tichomorska (bubny, ukulele, kytary).Reggae je znama hudba Afro-jamajcanu , tedy uplne jiny ocean!Trochu jsem si zagoogloval. Podarilo se mi zjistit, ze na Samou se pres nedalekou Americkou Samou (soucast zamorskych teritorii USA) v novejsi dobe dostala \"havajska verze reggae\" a zpopularizovala tam, ale neprekonala puvodni tichomorskou hudebni kulturu.",
    "claims": [
      {
        "id": 1,
        "claim": "Typická hudba zdejší a novozélandské ex-pat samoanské komunity je tichomořská.",
        "checkworthy": true,
        "checkworthy_reason": "Výrok tvrdí faktickou charakteristiku hudby spojené s určitou geografickou nebo kulturní komunitou, což může být ověřeno zdroji o hudbě těchto komunit.",
        "origin_text": "zdejsi a novozelandske ex-pat samoanske komunity je typicky tichomorska (bubny, ukulele, kytary).",
        "start": 43,
        "end": 140
      },
      {
        "id": 2,
        "claim": "Tichomořská hudba zahrnuje bubny, ukulele, kytary.",
        "checkworthy": true,
        "checkworthy_reason": "Výrok obsahuje konkrétní tvrzení o hudebních nástrojích spojených s tichomořskou hudbou, což může být ověřeno pomocí referenčních zdrojů nebo expertního výzkumu.",
        "origin_text": "",
        "start": 140,
        "end": 140
      },
      {
        "id": 3,
        "claim": "Reggae je známá hudba afro-jamajská.",
        "checkworthy": true,
        "checkworthy_reason": "Výrok obsahuje faktické informace o původu reggae hudby, což lze ověřit historickými a kulturními zdroji.",
        "origin_text": "eggae je znama hudba Afro-jamajcanu , tedy uplne jiny ocean!",
        "start": 141,
        "end": 201
      },
      {
        "id": 4,
        "claim": "Reggae a tichomořská hudba jsou odlišné.",
        "checkworthy": true,
        "checkworthy_reason": "Výrok tvrdí faktickou informaci o rozdílech mezi dvěma hudebními styly, což lze ověřit analýzou hudebních charakteristik obou stylů.",
        "origin_text": "",
        "start": 201,
        "end": 201
      },
      {
        "id": 5,
        "claim": "Na Samoa se objevila 'havajská verze reggae'.",
        "checkworthy": true,
        "checkworthy_reason": "Výrok obsahuje konkrétní tvrzení o kulturním fenomenu na Samoa, což lze ověřit historickými nebo kulturními zdroji.",
        "origin_text": "rochu jsem si zagoogloval. Podarilo se mi zjistit, ze na Samou se",
        "start": 202,
        "end": 267
      },
      {
        "id": 6,
        "claim": "Havajská verze reggae vznikla díky blízké americké Samoaně (součást zámořských území USA).",
        "checkworthy": true,
        "checkworthy_reason": "Výrok obsahuje specifické faktické tvrzení o kulturním vlivu, což lze ověřit historickými a společenskými zdroji.",
        "origin_text": "pres nedalekou Americkou Samou (soucast zamorskych teritorii USA)",
        "start": 268,
        "end": 333
      },
      {
        "id": 8,
        "claim": "'Havajská verze reggae' se na Samoa popularizovala.",
        "checkworthy": true,
        "checkworthy_reason": "Výrok tvrdí faktickou informaci o rozšíření kulturního fenoménu, což může být ověřeno spolehlivými zdroji nebo studiemi.",
        "origin_text": "a zpopularizovala tam",
        "start": 381,
        "end": 402
      }
    ]
  },
  {
    "source": "Šimpanzi používají na sousední tlupy odstrašující metody - pořádají výpravy na zatoulané jedince, které mrzačí, ale nezabíjejí: jen ať se postižený doplazí ke svým a vyděsí je. Každý přírodní druh jde až na hranici toho, co dokáže vymyslet. Co vymyslet nedokáže, to nedělá. Není to tak, že by něco mohl, ale řekl si \"ne ne, to je ošklivé, to dělat nebudeme\". Lidé nejsou zlejší, jen toho dokáží víc vymyslet.",
    "claims": [
      {
        "id": 0,
        "claim": "Šimpanzi používají odstrašující metody proti sousedním tlupám.",
        "checkworthy": true,
        "checkworthy_reason": "Výrok obsahuje tvrzení o chování šimpanzů, které lze ověřit prostřednictvím studií v terénu nebo literatury.",
        "origin_text": "Šimpanzi používají na sousední tlupy odstrašující metody -",
        "start": 0,
        "end": 58
      },
      {
        "id": 1,
        "claim": "Při výpravách na zatoulané jedince šimpanzi je mrzačí, ale nezabíjejí.",
        "checkworthy": true,
        "checkworthy_reason": "Výrok obsahuje faktické tvrzení o chování šimpanzů, které lze ověřit empirickými daty.",
        "origin_text": "pořádají výpravy na zatoulané jedince, které mrzačí, ale nezabíjejí:",
        "start": 59,
        "end": 127
      },
      {
        "id": 5,
        "claim": "Lidé dokážou víc vymyslet než ostatní druhy.",
        "checkworthy": true,
        "checkworthy_reason": "I když je to široké tvrzení, mohlo by být podpořeno studiemi porovnávajícími kognitivní schopnosti různých druhů.",
        "origin_text": "Lidé nejsou zlejší, jen toho dokáží víc vymyslet.",
        "start": 359,
        "end": 408
      }
    ]
  }
]